date,Volume,RAT
2011-07-31,1.0,LTE
2011-08-01,0.0,LTE
2011-08-02,0.0,LTE
2011-08-03,0.0,LTE
2011-08-04,0.0,LTE
2011-08-05,0.0,LTE
2011-08-06,0.0,LTE
2011-08-07,1.0,LTE
2011-08-08,1.0,LTE
2011-08-09,0.0,LTE
2011-08-10,0.0,LTE
2011-08-11,0.0,LTE
2011-08-12,0.0,LTE
2011-08-13,0.0,LTE
2011-08-14,0.0,LTE
2011-08-15,1.0,LTE
2011-08-16,0.0,LTE
2011-08-17,0.0,LTE
2011-08-18,0.0,LTE
2011-08-19,0.0,LTE
2011-08-20,0.0,LTE
2011-08-21,0.0,LTE
2011-08-22,0.0,LTE
2011-08-23,1.0,LTE
2011-08-24,0.0,LTE
2011-08-25,0.0,LTE
2011-08-26,0.0,LTE
2011-08-27,0.0,LTE
2011-08-28,0.0,LTE
2011-08-29,1.0,LTE
2011-08-30,1.0,LTE
2011-08-31,0.0,LTE
2011-09-01,1.0,LTE
2011-09-02,0.0,LTE
2011-09-03,0.0,LTE
2011-09-04,0.0,LTE
2011-09-05,0.0,LTE
2011-09-06,0.0,LTE
2011-09-07,0.0,LTE
2011-09-08,0.0,LTE
2011-09-09,0.0,LTE
2011-09-10,0.0,LTE
2011-09-11,0.0,LTE
2011-09-12,0.0,LTE
2011-09-13,0.0,LTE
2011-09-14,0.0,LTE
2011-09-15,0.0,LTE
2011-09-16,1.0,LTE
2011-09-17,0.0,LTE
2011-09-18,0.0,LTE
2011-09-19,2.0,LTE
2011-09-20,1.0,LTE
2011-09-21,1.0,LTE
2011-09-22,0.0,LTE
2011-09-23,0.0,LTE
2011-09-24,0.0,LTE
2011-09-25,0.0,LTE
2011-09-26,0.0,LTE
2011-09-27,0.0,LTE
2011-09-28,0.0,LTE
2011-09-29,0.0,LTE
2011-09-30,0.0,LTE
2011-10-01,1.0,LTE
2011-10-02,0.0,LTE
2011-10-03,1.0,LTE
2011-10-04,0.0,LTE
2011-10-05,0.0,LTE
2011-10-06,0.0,LTE
2011-10-07,0.0,LTE
2011-10-08,1.0,LTE
2011-10-09,0.0,LTE
2011-10-10,1.0,LTE
2011-10-11,1.0,LTE
2011-10-12,0.0,LTE
2011-10-13,0.0,LTE
2011-10-14,0.0,LTE
2011-10-15,0.0,LTE
2011-10-16,1.0,LTE
2011-10-17,1.0,LTE
2011-10-18,0.0,LTE
2011-10-19,1.0,LTE
2011-10-20,0.0,LTE
2011-10-21,0.0,LTE
2011-10-22,0.0,LTE
2011-10-23,0.0,LTE
2011-10-24,2.0,LTE
2011-10-25,0.0,LTE
2011-10-26,0.0,LTE
2011-10-27,1.0,LTE
2011-10-28,1.0,LTE
2011-10-29,0.0,LTE
2011-10-30,0.0,LTE
2011-10-31,0.0,LTE
2011-11-01,1.0,LTE
2011-11-02,0.0,LTE
2011-11-03,0.0,LTE
2011-11-04,0.0,LTE
2011-11-05,0.0,LTE
2011-11-06,0.0,LTE
2011-11-07,0.0,LTE
2011-11-08,0.0,LTE
2011-11-09,0.0,LTE
2011-11-10,0.0,LTE
2011-11-11,0.0,LTE
2011-11-12,0.0,LTE
2011-11-13,1.0,LTE
2011-11-14,0.0,LTE
2011-11-15,0.0,LTE
2011-11-16,0.0,LTE
2011-11-17,0.0,LTE
2011-11-18,0.0,LTE
2011-11-19,0.0,LTE
2011-11-20,0.0,LTE
2011-11-21,0.0,LTE
2011-11-22,0.0,LTE
2011-11-23,0.0,LTE
2011-11-24,0.0,LTE
2011-11-25,0.0,LTE
2011-11-26,0.0,LTE
2011-11-27,0.0,LTE
2011-11-28,1.0,LTE
2011-11-29,0.0,LTE
2011-11-30,0.0,LTE
2011-12-01,0.0,LTE
2011-12-02,0.0,LTE
2011-12-03,0.0,LTE
2011-12-04,0.0,LTE
2011-12-05,1.0,LTE
2011-12-06,0.0,LTE
2011-12-07,1.0,LTE
2011-12-08,0.0,LTE
2011-12-09,0.0,LTE
2011-12-10,0.0,LTE
2011-12-11,0.0,LTE
2011-12-12,0.0,LTE
2011-12-13,0.0,LTE
2011-12-14,0.0,LTE
2011-12-15,0.0,LTE
2011-12-16,0.0,LTE
2011-12-17,0.0,LTE
2011-12-18,0.0,LTE
2011-12-19,0.0,LTE
2011-12-20,0.0,LTE
2011-12-21,0.0,LTE
2011-12-22,0.0,LTE
2011-12-23,0.0,LTE
2011-12-24,0.0,LTE
2011-12-25,0.0,LTE
2011-12-26,1.0,LTE
2011-12-27,0.0,LTE
2011-12-28,0.0,LTE
2011-12-29,1.0,LTE
2011-12-30,0.0,LTE
2011-12-31,0.0,LTE
2012-01-01,0.0,LTE
2012-01-02,0.0,LTE
2012-01-03,1.0,LTE
2012-01-04,0.0,LTE
2012-01-05,0.0,LTE
2012-01-06,0.0,LTE
2012-01-07,0.0,LTE
2012-01-08,0.0,LTE
2012-01-09,0.0,LTE
2012-01-10,0.0,LTE
2012-01-11,0.0,LTE
2012-01-12,0.0,LTE
2012-01-13,1.0,LTE
2012-01-14,0.0,LTE
2012-01-15,0.0,LTE
2012-01-16,0.0,LTE
2012-01-17,0.0,LTE
2012-01-18,0.0,LTE
2012-01-19,0.0,LTE
2012-01-20,0.0,LTE
2012-01-21,0.0,LTE
2012-01-22,0.0,LTE
2012-01-23,0.0,LTE
2012-01-24,0.0,LTE
2012-01-25,0.0,LTE
2012-01-26,0.0,LTE
2012-01-27,0.0,LTE
2012-01-28,0.0,LTE
2012-01-29,0.0,LTE
2012-01-30,0.0,LTE
2012-01-31,0.0,LTE
2012-02-01,0.0,LTE
2012-02-02,0.0,LTE
2012-02-03,0.0,LTE
2012-02-04,0.0,LTE
2012-02-05,0.0,LTE
2012-02-06,0.0,LTE
2012-02-07,0.0,LTE
2012-02-08,0.0,LTE
2012-02-09,0.0,LTE
2012-02-10,0.0,LTE
2012-02-11,0.0,LTE
2012-02-12,0.0,LTE
2012-02-13,1.0,LTE
2012-02-14,0.0,LTE
2012-02-15,0.0,LTE
2012-02-16,0.0,LTE
2012-02-17,0.0,LTE
2012-02-18,0.0,LTE
2012-02-19,0.0,LTE
2012-02-20,2.0,LTE
2012-02-21,0.0,LTE
2012-02-22,0.0,LTE
2012-02-23,0.0,LTE
2012-02-24,0.0,LTE
2012-02-25,0.0,LTE
2012-02-26,0.0,LTE
2012-02-27,0.0,LTE
2012-02-28,1.0,LTE
2012-02-29,0.0,LTE
2012-03-01,0.0,LTE
2012-03-02,0.0,LTE
2012-03-03,0.0,LTE
2012-03-04,1.0,LTE
2012-03-05,2.0,LTE
2012-03-06,1.0,LTE
2012-03-07,0.0,LTE
2012-03-08,0.0,LTE
2012-03-09,0.0,LTE
2012-03-10,0.0,LTE
2012-03-11,0.0,LTE
2012-03-12,0.0,LTE
2012-03-13,0.0,LTE
2012-03-14,1.0,LTE
2012-03-15,1.0,LTE
2012-03-16,0.0,LTE
2012-03-17,2.0,LTE
2012-03-18,0.0,LTE
2012-03-19,0.0,LTE
2012-03-20,1.0,LTE
2012-03-21,0.0,LTE
2012-03-22,0.0,LTE
2012-03-23,0.0,LTE
2012-03-24,1.0,LTE
2012-03-25,0.0,LTE
2012-03-26,0.0,LTE
2012-03-27,2.0,LTE
2012-03-28,0.0,LTE
2012-03-29,1.0,LTE
2012-03-30,0.0,LTE
2012-03-31,0.0,LTE
2012-04-01,1.0,LTE
2012-04-02,2.0,LTE
2012-04-03,0.0,LTE
2012-04-04,0.0,LTE
2012-04-05,0.0,LTE
2012-04-06,1.0,LTE
2012-04-07,0.0,LTE
2012-04-08,2.0,LTE
2012-04-09,0.0,LTE
2012-04-10,0.0,LTE
2012-04-11,1.0,LTE
2012-04-12,0.0,LTE
2012-04-13,0.0,LTE
2012-04-14,0.0,LTE
2012-04-15,0.0,LTE
2012-04-16,2.0,LTE
2012-04-17,1.0,LTE
2012-04-18,0.0,LTE
2012-04-19,0.0,LTE
2012-04-20,0.0,LTE
2012-04-21,0.0,LTE
2012-04-22,1.0,LTE
2012-04-23,2.0,LTE
2012-04-24,1.0,LTE
2012-04-25,0.0,LTE
2012-04-26,1.0,LTE
2012-04-27,0.0,LTE
2012-04-28,0.0,LTE
2012-04-29,0.0,LTE
2012-04-30,1.0,LTE
2012-05-01,1.0,LTE
2012-05-02,0.0,LTE
2012-05-03,0.0,LTE
2012-05-04,0.0,LTE
2012-05-05,1.0,LTE
2012-05-06,0.0,LTE
2012-05-07,1.0,LTE
2012-05-08,0.0,LTE
2012-05-09,0.0,LTE
2012-05-10,0.0,LTE
2012-05-11,0.0,LTE
2012-05-12,0.0,LTE
2012-05-13,0.0,LTE
2012-05-14,0.0,LTE
2012-05-15,1.0,LTE
2012-05-16,0.0,LTE
2012-05-17,1.0,LTE
2012-05-18,0.0,LTE
2012-05-19,1.0,LTE
2012-05-20,1.0,LTE
2012-05-21,0.0,LTE
2012-05-22,1.0,LTE
2012-05-23,2.0,LTE
2012-05-24,0.0,LTE
2012-05-25,1.0,LTE
2012-05-26,0.0,LTE
2012-05-27,0.0,LTE
2012-05-28,0.0,LTE
2012-05-29,2.0,LTE
2012-05-30,0.0,LTE
2012-05-31,0.0,LTE
2012-06-01,0.0,LTE
2012-06-02,0.0,LTE
2012-06-03,0.0,LTE
2012-06-04,1.0,LTE
2012-06-05,0.0,LTE
2012-06-06,0.0,LTE
2012-06-07,0.0,LTE
2012-06-08,0.0,LTE
2012-06-09,1.0,LTE
2012-06-10,0.0,LTE
2012-06-11,1.0,LTE
2012-06-12,1.0,LTE
2012-06-13,0.0,LTE
2012-06-14,2.0,LTE
2012-06-15,0.0,LTE
2012-06-16,0.0,LTE
2012-06-17,2.0,LTE
2012-06-18,1.0,LTE
2012-06-19,0.0,LTE
2012-06-20,0.0,LTE
2012-06-21,1.0,LTE
2012-06-22,1.0,LTE
2012-06-23,0.0,LTE
2012-06-24,2.0,LTE
2012-06-25,1.0,LTE
2012-06-26,2.0,LTE
2012-06-27,0.0,LTE
2012-06-28,3.0,LTE
2012-06-29,1.0,LTE
2012-06-30,1.0,LTE
2012-07-01,1.0,LTE
2012-07-02,1.0,LTE
2012-07-03,0.0,LTE
2012-07-04,1.0,LTE
2012-07-05,1.0,LTE
2012-07-06,1.0,LTE
2012-07-07,0.0,LTE
2012-07-08,0.0,LTE
2012-07-09,3.0,LTE
2012-07-10,1.0,LTE
2012-07-11,1.0,LTE
2012-07-12,0.0,LTE
2012-07-13,0.0,LTE
2012-07-14,0.0,LTE
2012-07-15,1.0,LTE
2012-07-16,2.0,LTE
2012-07-17,1.0,LTE
2012-07-18,0.0,LTE
2012-07-19,1.0,LTE
2012-07-20,0.0,LTE
2012-07-21,1.0,LTE
2012-07-22,2.0,LTE
2012-07-23,3.0,LTE
2012-07-24,2.0,LTE
2012-07-25,0.0,LTE
2012-07-26,1.0,LTE
2012-07-27,0.0,LTE
2012-07-28,3.0,LTE
2012-07-29,0.0,LTE
2012-07-30,1.0,LTE
2012-07-31,2.0,LTE
2012-08-01,0.0,LTE
2012-08-02,1.0,LTE
2012-08-03,3.0,LTE
2012-08-04,0.0,LTE
2012-08-05,0.0,LTE
2012-08-06,3.0,LTE
2012-08-07,0.0,LTE
2012-08-08,0.0,LTE
2012-08-09,0.0,LTE
2012-08-10,0.0,LTE
2012-08-11,0.0,LTE
2012-08-12,0.0,LTE
2012-08-13,3.0,LTE
2012-08-14,1.0,LTE
2012-08-15,0.0,LTE
2012-08-16,0.0,LTE
2012-08-17,0.0,LTE
2012-08-18,1.0,LTE
2012-08-19,1.0,LTE
2012-08-20,0.0,LTE
2012-08-21,0.0,LTE
2012-08-22,0.0,LTE
2012-08-23,0.0,LTE
2012-08-24,1.0,LTE
2012-08-25,1.0,LTE
2012-08-26,1.0,LTE
2012-08-27,1.0,LTE
2012-08-28,0.0,LTE
2012-08-29,0.0,LTE
2012-08-30,0.0,LTE
2012-08-31,0.0,LTE
2012-09-01,0.0,LTE
2012-09-02,0.0,LTE
2012-09-03,2.0,LTE
2012-09-04,2.0,LTE
2012-09-05,0.0,LTE
2012-09-06,0.0,LTE
2012-09-07,0.0,LTE
2012-09-08,0.0,LTE
2012-09-09,0.0,LTE
2012-09-10,1.0,LTE
2012-09-11,2.0,LTE
2012-09-12,0.0,LTE
2012-09-13,0.0,LTE
2012-09-14,1.0,LTE
2012-09-15,0.0,LTE
2012-09-16,1.0,LTE
2012-09-17,4.0,LTE
2012-09-18,0.0,LTE
2012-09-19,0.0,LTE
2012-09-20,0.0,LTE
2012-09-21,1.0,LTE
2012-09-22,1.0,LTE
2012-09-23,0.0,LTE
2012-09-24,1.0,LTE
2012-09-25,0.0,LTE
2012-09-26,0.0,LTE
2012-09-27,0.0,LTE
2012-09-28,0.0,LTE
2012-09-29,1.0,LTE
2012-09-30,2.0,LTE
2012-10-01,3.0,LTE
2012-10-02,0.0,LTE
2012-10-03,1.0,LTE
2012-10-04,0.0,LTE
2012-10-05,0.0,LTE
2012-10-06,0.0,LTE
2012-10-07,0.0,LTE
2012-10-08,4.0,LTE
2012-10-09,0.0,LTE
2012-10-10,1.0,LTE
2012-10-11,0.0,LTE
2012-10-12,0.0,LTE
2012-10-13,0.0,LTE
2012-10-14,1.0,LTE
2012-10-15,1.0,LTE
2012-10-16,2.0,LTE
2012-10-17,0.0,LTE
2012-10-18,0.0,LTE
2012-10-19,0.0,LTE
2012-10-20,2.0,LTE
2012-10-21,1.0,LTE
2012-10-22,4.0,LTE
2012-10-23,1.0,LTE
2012-10-24,0.0,LTE
2012-10-25,1.0,LTE
2012-10-26,1.0,LTE
2012-10-27,1.0,LTE
2012-10-28,0.0,LTE
2012-10-29,4.0,LTE
2012-10-30,3.0,LTE
2012-10-31,0.0,LTE
2012-11-01,1.0,LTE
2012-11-02,0.0,LTE
2012-11-03,2.0,LTE
2012-11-04,0.0,LTE
2012-11-05,1.0,LTE
2012-11-06,0.0,LTE
2012-11-07,1.0,LTE
2012-11-08,0.0,LTE
2012-11-09,0.0,LTE
2012-11-10,0.0,LTE
2012-11-11,1.0,LTE
2012-11-12,2.0,LTE
2012-11-13,1.0,LTE
2012-11-14,0.0,LTE
2012-11-15,3.0,LTE
2012-11-16,1.0,LTE
2012-11-17,0.0,LTE
2012-11-18,1.0,LTE
2012-11-19,0.0,LTE
2012-11-20,0.0,LTE
2012-11-21,1.0,LTE
2012-11-22,3.0,LTE
2012-11-23,1.0,LTE
2012-11-24,0.0,LTE
2012-11-25,0.0,LTE
2012-11-26,4.0,LTE
2012-11-27,0.0,LTE
2012-11-28,0.0,LTE
2012-11-29,0.0,LTE
2012-11-30,0.0,LTE
2012-12-01,1.0,LTE
2012-12-02,0.0,LTE
2012-12-03,4.0,LTE
2012-12-04,0.0,LTE
2012-12-05,1.0,LTE
2012-12-06,0.0,LTE
2012-12-07,0.0,LTE
2012-12-08,0.0,LTE
2012-12-09,1.0,LTE
2012-12-10,0.0,LTE
2012-12-11,4.0,LTE
2012-12-12,0.0,LTE
2012-12-13,1.0,LTE
2012-12-14,1.0,LTE
2012-12-15,0.0,LTE
2012-12-16,0.0,LTE
2012-12-17,1.0,LTE
2012-12-18,2.0,LTE
2012-12-19,0.0,LTE
2012-12-20,1.0,LTE
2012-12-21,1.0,LTE
2012-12-22,0.0,LTE
2012-12-23,1.0,LTE
2012-12-24,0.0,LTE
2012-12-25,0.0,LTE
2012-12-26,2.0,LTE
2012-12-27,0.0,LTE
2012-12-28,1.0,LTE
2012-12-29,2.0,LTE
2012-12-30,0.0,LTE
2012-12-31,1.0,LTE
2013-01-01,2.0,LTE
2013-01-02,3.0,LTE
2013-01-03,1.0,LTE
2013-01-04,1.0,LTE
2013-01-05,0.0,LTE
2013-01-06,0.0,LTE
2013-01-07,2.0,LTE
2013-01-08,0.0,LTE
2013-01-09,0.0,LTE
2013-01-10,0.0,LTE
2013-01-11,1.0,LTE
2013-01-12,0.0,LTE
2013-01-13,0.0,LTE
2013-01-14,2.0,LTE
2013-01-15,1.0,LTE
2013-01-16,0.0,LTE
2013-01-17,1.0,LTE
2013-01-18,2.0,LTE
2013-01-19,1.0,LTE
2013-01-20,0.0,LTE
2013-01-21,1.0,LTE
2013-01-22,2.0,LTE
2013-01-23,0.0,LTE
2013-01-24,0.0,LTE
2013-01-25,1.0,LTE
2013-01-26,0.0,LTE
2013-01-27,0.0,LTE
2013-01-28,1.0,LTE
2013-01-29,1.0,LTE
2013-01-30,0.0,LTE
2013-01-31,0.0,LTE
2013-02-01,0.0,LTE
2013-02-02,0.0,LTE
2013-02-03,0.0,LTE
2013-02-04,3.0,LTE
2013-02-05,0.0,LTE
2013-02-06,1.0,LTE
2013-02-07,0.0,LTE
2013-02-08,0.0,LTE
2013-02-09,1.0,LTE
2013-02-10,0.0,LTE
2013-02-11,2.0,LTE
2013-02-12,0.0,LTE
2013-02-13,0.0,LTE
2013-02-14,0.0,LTE
2013-02-15,3.0,LTE
2013-02-16,0.0,LTE
2013-02-17,0.0,LTE
2013-02-18,3.0,LTE
2013-02-19,0.0,LTE
2013-02-20,1.0,LTE
2013-02-21,0.0,LTE
2013-02-22,0.0,LTE
2013-02-23,0.0,LTE
2013-02-24,0.0,LTE
2013-02-25,0.0,LTE
2013-02-26,5.0,LTE
2013-02-27,0.0,LTE
2013-02-28,0.0,LTE
2013-03-01,1.0,LTE
2013-03-02,2.0,LTE
2013-03-03,2.0,LTE
2013-03-04,0.0,LTE
2013-03-05,0.0,LTE
2013-03-06,2.0,LTE
2013-03-07,1.0,LTE
2013-03-08,1.0,LTE
2013-03-09,0.0,LTE
2013-03-10,0.0,LTE
2013-03-11,5.0,LTE
2013-03-12,2.0,LTE
2013-03-13,0.0,LTE
2013-03-14,2.0,LTE
2013-03-15,1.0,LTE
2013-03-16,0.0,LTE
2013-03-17,1.0,LTE
2013-03-18,4.0,LTE
2013-03-19,2.0,LTE
2013-03-20,2.0,LTE
2013-03-21,1.0,LTE
2013-03-22,2.0,LTE
2013-03-23,1.0,LTE
2013-03-24,0.0,LTE
2013-03-25,4.0,LTE
2013-03-26,1.0,LTE
2013-03-27,0.0,LTE
2013-03-28,0.0,LTE
2013-03-29,1.0,LTE
2013-03-30,0.0,LTE
2013-03-31,1.0,LTE
2013-04-01,3.0,LTE
2013-04-02,0.0,LTE
2013-04-03,0.0,LTE
2013-04-04,1.0,LTE
2013-04-05,0.0,LTE
2013-04-06,0.0,LTE
2013-04-07,0.0,LTE
2013-04-08,3.0,LTE
2013-04-09,1.0,LTE
2013-04-10,1.0,LTE
2013-04-11,0.0,LTE
2013-04-12,0.0,LTE
2013-04-13,1.0,LTE
2013-04-14,0.0,LTE
2013-04-15,3.0,LTE
2013-04-16,3.0,LTE
2013-04-17,0.0,LTE
2013-04-18,0.0,LTE
2013-04-19,0.0,LTE
2013-04-20,1.0,LTE
2013-04-21,3.0,LTE
2013-04-22,1.0,LTE
2013-04-23,2.0,LTE
2013-04-24,1.0,LTE
2013-04-25,1.0,LTE
2013-04-26,0.0,LTE
2013-04-27,1.0,LTE
2013-04-28,2.0,LTE
2013-04-29,2.0,LTE
2013-04-30,2.0,LTE
2013-05-01,0.0,LTE
2013-05-02,3.0,LTE
2013-05-03,2.0,LTE
2013-05-04,1.0,LTE
2013-05-05,2.0,LTE
2013-05-06,0.0,LTE
2013-05-07,3.0,LTE
2013-05-08,1.0,LTE
2013-05-09,2.0,LTE
2013-05-10,1.0,LTE
2013-05-11,2.0,LTE
2013-05-12,1.0,LTE
2013-05-13,6.0,LTE
2013-05-14,0.0,LTE
2013-05-15,1.0,LTE
2013-05-16,1.0,LTE
2013-05-17,2.0,LTE
2013-05-18,1.0,LTE
2013-05-19,0.0,LTE
2013-05-20,4.0,LTE
2013-05-21,1.0,LTE
2013-05-22,1.0,LTE
2013-05-23,2.0,LTE
2013-05-24,0.0,LTE
2013-05-25,2.0,LTE
2013-05-26,3.0,LTE
2013-05-27,3.0,LTE
2013-05-28,9.0,LTE
2013-05-29,2.0,LTE
2013-05-30,1.0,LTE
2013-05-31,2.0,LTE
2013-06-01,1.0,LTE
2013-06-02,2.0,LTE
2013-06-03,3.0,LTE
2013-06-04,3.0,LTE
2013-06-05,1.0,LTE
2013-06-06,0.0,LTE
2013-06-07,1.0,LTE
2013-06-08,0.0,LTE
2013-06-09,0.0,LTE
2013-06-10,3.0,LTE
2013-06-11,2.0,LTE
2013-06-12,1.0,LTE
2013-06-13,1.0,LTE
2013-06-14,1.0,LTE
2013-06-15,1.0,LTE
2013-06-16,1.0,LTE
2013-06-17,2.0,LTE
2013-06-18,2.0,LTE
2013-06-19,1.0,LTE
2013-06-20,0.0,LTE
2013-06-21,0.0,LTE
2013-06-22,3.0,LTE
2013-06-23,2.0,LTE
2013-06-24,6.0,LTE
2013-06-25,2.0,LTE
2013-06-26,0.0,LTE
2013-06-27,1.0,LTE
2013-06-28,1.0,LTE
2013-06-29,0.0,LTE
2013-06-30,1.0,LTE
2013-07-01,4.0,LTE
2013-07-02,3.0,LTE
2013-07-03,5.0,LTE
2013-07-04,1.0,LTE
2013-07-05,2.0,LTE
2013-07-06,1.0,LTE
2013-07-07,2.0,LTE
2013-07-08,7.0,LTE
2013-07-09,1.0,LTE
2013-07-10,0.0,LTE
2013-07-11,1.0,LTE
2013-07-12,0.0,LTE
2013-07-13,1.0,LTE
2013-07-14,2.0,LTE
2013-07-15,3.0,LTE
2013-07-16,1.0,LTE
2013-07-17,2.0,LTE
2013-07-18,3.0,LTE
2013-07-19,2.0,LTE
2013-07-20,1.0,LTE
2013-07-21,0.0,LTE
2013-07-22,7.0,LTE
2013-07-23,1.0,LTE
2013-07-24,1.0,LTE
2013-07-25,1.0,LTE
2013-07-26,0.0,LTE
2013-07-27,1.0,LTE
2013-07-28,0.0,LTE
2013-07-29,10.0,LTE
2013-07-30,5.0,LTE
2013-07-31,1.0,LTE
2013-08-01,1.0,LTE
2013-08-02,2.0,LTE
2013-08-03,0.0,LTE
2013-08-04,2.0,LTE
2013-08-05,2.0,LTE
2013-08-06,4.0,LTE
2013-08-07,0.0,LTE
2013-08-08,1.0,LTE
2013-08-09,2.0,LTE
2013-08-10,4.0,LTE
2013-08-11,0.0,LTE
2013-08-12,8.0,LTE
2013-08-13,2.0,LTE
2013-08-14,0.0,LTE
2013-08-15,0.0,LTE
2013-08-16,1.0,LTE
2013-08-17,2.0,LTE
2013-08-18,1.0,LTE
2013-08-19,7.0,LTE
2013-08-20,2.0,LTE
2013-08-21,0.0,LTE
2013-08-22,2.0,LTE
2013-08-23,1.0,LTE
2013-08-24,1.0,LTE
2013-08-25,1.0,LTE
2013-08-26,8.0,LTE
2013-08-27,2.0,LTE
2013-08-28,1.0,LTE
2013-08-29,1.0,LTE
2013-08-30,1.0,LTE
2013-08-31,0.0,LTE
2013-09-01,4.0,LTE
2013-09-02,1.0,LTE
2013-09-03,3.0,LTE
2013-09-04,6.0,LTE
2013-09-05,6.0,LTE
2013-09-06,2.0,LTE
2013-09-07,1.0,LTE
2013-09-08,1.0,LTE
2013-09-09,4.0,LTE
2013-09-10,4.0,LTE
2013-09-11,1.0,LTE
2013-09-12,0.0,LTE
2013-09-13,2.0,LTE
2013-09-14,4.0,LTE
2013-09-15,1.0,LTE
2013-09-16,7.0,LTE
2013-09-17,2.0,LTE
2013-09-18,0.0,LTE
2013-09-19,1.0,LTE
2013-09-20,0.0,LTE
2013-09-21,1.0,LTE
2013-09-22,1.0,LTE
2013-09-23,10.0,LTE
2013-09-24,2.0,LTE
2013-09-25,2.0,LTE
2013-09-26,2.0,LTE
2013-09-27,0.0,LTE
2013-09-28,2.0,LTE
2013-09-29,2.0,LTE
2013-09-30,8.0,LTE
2013-10-01,3.0,LTE
2013-10-02,2.0,LTE
2013-10-03,3.0,LTE
2013-10-04,3.0,LTE
2013-10-05,1.0,LTE
2013-10-06,2.0,LTE
2013-10-07,14.0,LTE
2013-10-08,4.0,LTE
2013-10-09,2.0,LTE
2013-10-10,2.0,LTE
2013-10-11,2.0,LTE
2013-10-12,4.0,LTE
2013-10-13,3.0,LTE
2013-10-14,13.0,LTE
2013-10-15,5.0,LTE
2013-10-16,4.0,LTE
2013-10-17,6.0,LTE
2013-10-18,2.0,LTE
2013-10-19,3.0,LTE
2013-10-20,2.0,LTE
2013-10-21,12.0,LTE
2013-10-22,5.0,LTE
2013-10-23,3.0,LTE
2013-10-24,3.0,LTE
2013-10-25,4.0,LTE
2013-10-26,1.0,LTE
2013-10-27,3.0,LTE
2013-10-28,9.0,LTE
2013-10-29,11.0,LTE
2013-10-30,6.0,LTE
2013-10-31,3.0,LTE
2013-11-01,0.0,LTE
2013-11-02,3.0,LTE
2013-11-03,3.0,LTE
2013-11-04,10.0,LTE
2013-11-05,5.0,LTE
2013-11-06,0.0,LTE
2013-11-07,0.0,LTE
2013-11-08,1.0,LTE
2013-11-09,2.0,LTE
2013-11-10,2.0,LTE
2013-11-11,12.0,LTE
2013-11-12,6.0,LTE
2013-11-13,1.0,LTE
2013-11-14,1.0,LTE
2013-11-15,2.0,LTE
2013-11-16,3.0,LTE
2013-11-17,2.0,LTE
2013-11-18,3.0,LTE
2013-11-19,5.0,LTE
2013-11-20,1.0,LTE
2013-11-21,0.0,LTE
2013-11-22,1.0,LTE
2013-11-23,5.0,LTE
2013-11-24,2.0,LTE
2013-11-25,5.0,LTE
2013-11-26,4.0,LTE
2013-11-27,1.0,LTE
2013-11-28,2.0,LTE
2013-11-29,0.0,LTE
2013-11-30,4.0,LTE
2013-12-01,6.0,LTE
2013-12-02,8.0,LTE
2013-12-03,4.0,LTE
2013-12-04,0.0,LTE
2013-12-05,1.0,LTE
2013-12-06,1.0,LTE
2013-12-07,1.0,LTE
2013-12-08,1.0,LTE
2013-12-09,6.0,LTE
2013-12-10,1.0,LTE
2013-12-11,1.0,LTE
2013-12-12,1.0,LTE
2013-12-13,0.0,LTE
2013-12-14,0.0,LTE
2013-12-15,1.0,LTE
2013-12-16,8.0,LTE
2013-12-17,4.0,LTE
2013-12-18,1.0,LTE
2013-12-19,0.0,LTE
2013-12-20,0.0,LTE
2013-12-21,1.0,LTE
2013-12-22,1.0,LTE
2013-12-23,3.0,LTE
2013-12-24,3.0,LTE
2013-12-25,2.0,LTE
2013-12-26,2.0,LTE
2013-12-27,1.0,LTE
2013-12-28,0.0,LTE
2013-12-29,5.0,LTE
2013-12-30,7.0,LTE
2013-12-31,2.0,LTE
2014-01-01,2.0,LTE
2014-01-02,8.0,LTE
2014-01-03,3.0,LTE
2014-01-04,1.0,LTE
2014-01-05,4.0,LTE
2014-01-06,3.0,LTE
2014-01-07,1.0,LTE
2014-01-08,1.0,LTE
2014-01-09,2.0,LTE
2014-01-10,2.0,LTE
2014-01-11,1.0,LTE
2014-01-12,0.0,LTE
2014-01-13,5.0,LTE
2014-01-14,1.0,LTE
2014-01-15,0.0,LTE
2014-01-16,0.0,LTE
2014-01-17,0.0,LTE
2014-01-18,0.0,LTE
2014-01-19,1.0,LTE
2014-01-20,1.0,LTE
2014-01-21,3.0,LTE
2014-01-22,0.0,LTE
2014-01-23,0.0,LTE
2014-01-24,1.0,LTE
2014-01-25,0.0,LTE
2014-01-26,0.0,LTE
2014-01-27,3.0,LTE
2014-01-28,2.0,LTE
2014-01-29,2.0,LTE
2014-01-30,0.0,LTE
2014-01-31,0.0,LTE
2014-02-01,2.0,LTE
2014-02-02,1.0,LTE
2014-02-03,4.0,LTE
2014-02-04,2.0,LTE
2014-02-05,0.0,LTE
2014-02-06,0.0,LTE
2014-02-07,2.0,LTE
2014-02-08,1.0,LTE
2014-02-09,0.0,LTE
2014-02-10,0.0,LTE
2014-02-11,0.0,LTE
2014-02-12,1.0,LTE
2014-02-13,3.0,LTE
2014-02-14,0.0,LTE
2014-02-15,1.0,LTE
2014-02-16,3.0,LTE
2014-02-17,10.0,LTE
2014-02-18,7.0,LTE
2014-02-19,2.0,LTE
2014-02-20,1.0,LTE
2014-02-21,2.0,LTE
2014-02-22,2.0,LTE
2014-02-23,1.0,LTE
2014-02-24,4.0,LTE
2014-02-25,1.0,LTE
2014-02-26,1.0,LTE
2014-02-27,4.0,LTE
2014-02-28,0.0,LTE
2014-03-01,2.0,LTE
2014-03-02,1.0,LTE
2014-03-03,10.0,LTE
2014-03-04,1.0,LTE
2014-03-05,1.0,LTE
2014-03-06,4.0,LTE
2014-03-07,0.0,LTE
2014-03-08,1.0,LTE
2014-03-09,1.0,LTE
2014-03-10,7.0,LTE
2014-03-11,2.0,LTE
2014-03-12,2.0,LTE
2014-03-13,7.0,LTE
2014-03-14,4.0,LTE
2014-03-15,5.0,LTE
2014-03-16,6.0,LTE
2014-03-17,4.0,LTE
2014-03-18,4.0,LTE
2014-03-19,1.0,LTE
2014-03-20,5.0,LTE
2014-03-21,2.0,LTE
2014-03-22,6.0,LTE
2014-03-23,3.0,LTE
2014-03-24,8.0,LTE
2014-03-25,7.0,LTE
2014-03-26,3.0,LTE
2014-03-27,4.0,LTE
2014-03-28,6.0,LTE
2014-03-29,0.0,LTE
2014-03-30,3.0,LTE
2014-03-31,6.0,LTE
2014-04-01,7.0,LTE
2014-04-02,3.0,LTE
2014-04-03,3.0,LTE
2014-04-04,4.0,LTE
2014-04-05,2.0,LTE
2014-04-06,3.0,LTE
2014-04-07,8.0,LTE
2014-04-08,4.0,LTE
2014-04-09,5.0,LTE
2014-04-10,1.0,LTE
2014-04-11,3.0,LTE
2014-04-12,2.0,LTE
2014-04-13,2.0,LTE
2014-04-14,13.0,LTE
2014-04-15,2.0,LTE
2014-04-16,4.0,LTE
2014-04-17,3.0,LTE
2014-04-18,4.0,LTE
2014-04-19,8.0,LTE
2014-04-20,6.0,LTE
2014-04-21,17.0,LTE
2014-04-22,1.0,LTE
2014-04-23,5.0,LTE
2014-04-24,5.0,LTE
2014-04-25,1.0,LTE
2014-04-26,3.0,LTE
2014-04-27,2.0,LTE
2014-04-28,19.0,LTE
2014-04-29,7.0,LTE
2014-04-30,3.0,LTE
2014-05-01,2.0,LTE
2014-05-02,3.0,LTE
2014-05-03,2.0,LTE
2014-05-04,2.0,LTE
2014-05-05,13.0,LTE
2014-05-06,4.0,LTE
2014-05-07,5.0,LTE
2014-05-08,5.0,LTE
2014-05-09,7.0,LTE
2014-05-10,4.0,LTE
2014-05-11,4.0,LTE
2014-05-12,8.0,LTE
2014-05-13,2.0,LTE
2014-05-14,2.0,LTE
2014-05-15,2.0,LTE
2014-05-16,2.0,LTE
2014-05-17,6.0,LTE
2014-05-18,2.0,LTE
2014-05-19,13.0,LTE
2014-05-20,5.0,LTE
2014-05-21,3.0,LTE
2014-05-22,6.0,LTE
2014-05-23,6.0,LTE
2014-05-24,3.0,LTE
2014-05-25,3.0,LTE
2014-05-26,12.0,LTE
2014-05-27,15.0,LTE
2014-05-28,5.0,LTE
2014-05-29,7.0,LTE
2014-05-30,1.0,LTE
2014-05-31,4.0,LTE
2014-06-01,4.0,LTE
2014-06-02,10.0,LTE
2014-06-03,7.0,LTE
2014-06-04,5.0,LTE
2014-06-05,1.0,LTE
2014-06-06,5.0,LTE
2014-06-07,3.0,LTE
2014-06-08,1.0,LTE
2014-06-09,16.0,LTE
2014-06-10,3.0,LTE
2014-06-11,3.0,LTE
2014-06-12,4.0,LTE
2014-06-13,4.0,LTE
2014-06-14,1.0,LTE
2014-06-15,5.0,LTE
2014-06-16,10.0,LTE
2014-06-17,7.0,LTE
2014-06-18,4.0,LTE
2014-06-19,3.0,LTE
2014-06-20,3.0,LTE
2014-06-21,4.0,LTE
2014-06-22,9.0,LTE
2014-06-23,11.0,LTE
2014-06-24,9.0,LTE
2014-06-25,5.0,LTE
2014-06-26,5.0,LTE
2014-06-27,2.0,LTE
2014-06-28,6.0,LTE
2014-06-29,8.0,LTE
2014-06-30,8.0,LTE
2014-07-01,9.0,LTE
2014-07-02,6.0,LTE
2014-07-03,8.0,LTE
2014-07-04,3.0,LTE
2014-07-05,4.0,LTE
2014-07-06,4.0,LTE
2014-07-07,26.0,LTE
2014-07-08,6.0,LTE
2014-07-09,3.0,LTE
2014-07-10,4.0,LTE
2014-07-11,5.0,LTE
2014-07-12,6.0,LTE
2014-07-13,4.0,LTE
2014-07-14,15.0,LTE
2014-07-15,9.0,LTE
2014-07-16,4.0,LTE
2014-07-17,6.0,LTE
2014-07-18,5.0,LTE
2014-07-19,7.0,LTE
2014-07-20,2.0,LTE
2014-07-21,4.0,LTE
2014-07-22,17.0,LTE
2014-07-23,2.0,LTE
2014-07-24,7.0,LTE
2014-07-25,9.0,LTE
2014-07-26,3.0,LTE
2014-07-27,10.0,LTE
2014-07-28,11.0,LTE
2014-07-29,10.0,LTE
2014-07-30,2.0,LTE
2014-07-31,10.0,LTE
2014-08-01,10.0,LTE
2014-08-02,6.0,LTE
2014-08-03,7.0,LTE
2014-08-04,17.0,LTE
2014-08-05,10.0,LTE
2014-08-06,5.0,LTE
2014-08-07,9.0,LTE
2014-08-08,13.0,LTE
2014-08-09,7.0,LTE
2014-08-10,5.0,LTE
2014-08-11,21.0,LTE
2014-08-12,11.0,LTE
2014-08-13,6.0,LTE
2014-08-14,6.0,LTE
2014-08-15,6.0,LTE
2014-08-16,8.0,LTE
2014-08-17,11.0,LTE
2014-08-18,21.0,LTE
2014-08-19,5.0,LTE
2014-08-20,9.0,LTE
2014-08-21,5.0,LTE
2014-08-22,7.0,LTE
2014-08-23,7.0,LTE
2014-08-24,9.0,LTE
2014-08-25,23.0,LTE
2014-08-26,10.0,LTE
2014-08-27,2.0,LTE
2014-08-28,9.0,LTE
2014-08-29,5.0,LTE
2014-08-30,8.0,LTE
2014-08-31,9.0,LTE
2014-09-01,16.0,LTE
2014-09-02,20.0,LTE
2014-09-03,7.0,LTE
2014-09-04,3.0,LTE
2014-09-05,5.0,LTE
2014-09-06,8.0,LTE
2014-09-07,9.0,LTE
2014-09-08,11.0,LTE
2014-09-09,5.0,LTE
2014-09-10,6.0,LTE
2014-09-11,3.0,LTE
2014-09-12,3.0,LTE
2014-09-13,7.0,LTE
2014-09-14,16.0,LTE
2014-09-15,13.0,LTE
2014-09-16,6.0,LTE
2014-09-17,7.0,LTE
2014-09-18,7.0,LTE
2014-09-19,3.0,LTE
2014-09-20,6.0,LTE
2014-09-21,17.0,LTE
2014-09-22,17.0,LTE
2014-09-23,6.0,LTE
2014-09-24,2.0,LTE
2014-09-25,8.0,LTE
2014-09-26,7.0,LTE
2014-09-27,6.0,LTE
2014-09-28,16.0,LTE
2014-09-29,21.0,LTE
2014-09-30,2.0,LTE
2014-10-01,4.0,LTE
2014-10-02,9.0,LTE
2014-10-03,3.0,LTE
2014-10-04,10.0,LTE
2014-10-05,18.0,LTE
2014-10-06,15.0,LTE
2014-10-07,5.0,LTE
2014-10-08,8.0,LTE
2014-10-09,8.0,LTE
2014-10-10,7.0,LTE
2014-10-11,9.0,LTE
2014-10-12,14.0,LTE
2014-10-13,22.0,LTE
2014-10-14,16.0,LTE
2014-10-15,13.0,LTE
2014-10-16,7.0,LTE
2014-10-17,11.0,LTE
2014-10-18,13.0,LTE
2014-10-19,17.0,LTE
2014-10-20,15.0,LTE
2014-10-21,9.0,LTE
2014-10-22,11.0,LTE
2014-10-23,6.0,LTE
2014-10-24,9.0,LTE
2014-10-25,7.0,LTE
2014-10-26,17.0,LTE
2014-10-27,17.0,LTE
2014-10-28,7.0,LTE
2014-10-29,8.0,LTE
2014-10-30,5.0,LTE
2014-10-31,7.0,LTE
2014-11-01,6.0,LTE
2014-11-02,18.0,LTE
2014-11-03,11.0,LTE
2014-11-04,5.0,LTE
2014-11-05,3.0,LTE
2014-11-06,5.0,LTE
2014-11-07,11.0,LTE
2014-11-08,7.0,LTE
2014-11-09,21.0,LTE
2014-11-10,18.0,LTE
2014-11-11,9.0,LTE
2014-11-12,10.0,LTE
2014-11-13,3.0,LTE
2014-11-14,3.0,LTE
2014-11-15,4.0,LTE
2014-11-16,7.0,LTE
2014-11-17,16.0,LTE
2014-11-18,6.0,LTE
2014-11-19,5.0,LTE
2014-11-20,4.0,LTE
2014-11-21,6.0,LTE
2014-11-22,2.0,LTE
2014-11-23,15.0,LTE
2014-11-24,8.0,LTE
2014-11-25,7.0,LTE
2014-11-26,8.0,LTE
2014-11-27,4.0,LTE
2014-11-28,3.0,LTE
2014-11-29,12.0,LTE
2014-11-30,14.0,LTE
2014-12-01,8.0,LTE
2014-12-02,4.0,LTE
2014-12-03,2.0,LTE
2014-12-04,2.0,LTE
2014-12-05,3.0,LTE
2014-12-06,4.0,LTE
2014-12-07,11.0,LTE
2014-12-08,14.0,LTE
2014-12-09,6.0,LTE
2014-12-10,2.0,LTE
2014-12-11,3.0,LTE
2014-12-12,1.0,LTE
2014-12-13,1.0,LTE
2014-12-14,19.0,LTE
2014-12-15,13.0,LTE
2014-12-16,3.0,LTE
2014-12-17,3.0,LTE
2014-12-18,2.0,LTE
2014-12-19,2.0,LTE
2014-12-20,8.0,LTE
2014-12-21,11.0,LTE
2014-12-22,10.0,LTE
2014-12-23,8.0,LTE
2014-12-24,5.0,LTE
2014-12-25,1.0,LTE
2014-12-26,5.0,LTE
2014-12-27,4.0,LTE
2014-12-28,14.0,LTE
2014-12-29,6.0,LTE
2014-12-30,10.0,LTE
2014-12-31,12.0,LTE
2015-01-01,10.0,LTE
2015-01-02,14.0,LTE
2015-01-03,17.0,LTE
2015-01-04,16.0,LTE
2015-01-05,10.0,LTE
2015-01-06,4.0,LTE
2015-01-07,6.0,LTE
2015-01-08,4.0,LTE
2015-01-09,5.0,LTE
2015-01-10,2.0,LTE
2015-01-11,4.0,LTE
2015-01-12,10.0,LTE
2015-01-13,1.0,LTE
2015-01-14,3.0,LTE
2015-01-15,4.0,LTE
2015-01-16,4.0,LTE
2015-01-17,3.0,LTE
2015-01-18,10.0,LTE
2015-01-19,20.0,LTE
2015-01-20,12.0,LTE
2015-01-21,1.0,LTE
2015-01-22,0.0,LTE
2015-01-23,2.0,LTE
2015-01-24,4.0,LTE
2015-01-25,8.0,LTE
2015-01-26,12.0,LTE
2015-01-27,3.0,LTE
2015-01-28,1.0,LTE
2015-01-29,1.0,LTE
2015-01-30,1.0,LTE
2015-01-31,4.0,LTE
2015-02-01,11.0,LTE
2015-02-02,6.0,LTE
2015-02-03,3.0,LTE
2015-02-04,2.0,LTE
2015-02-05,4.0,LTE
2015-02-06,0.0,LTE
2015-02-07,5.0,LTE
2015-02-08,14.0,LTE
2015-02-09,15.0,LTE
2015-02-10,4.0,LTE
2015-02-11,2.0,LTE
2015-02-12,3.0,LTE
2015-02-13,6.0,LTE
2015-02-14,4.0,LTE
2015-02-15,16.0,LTE
2015-02-16,22.0,LTE
2015-02-17,8.0,LTE
2015-02-18,0.0,LTE
2015-02-19,2.0,LTE
2015-02-20,1.0,LTE
2015-02-21,5.0,LTE
2015-02-22,17.0,LTE
2015-02-23,13.0,LTE
2015-02-24,6.0,LTE
2015-02-25,2.0,LTE
2015-02-26,2.0,LTE
2015-02-27,5.0,LTE
2015-02-28,4.0,LTE
2015-03-01,13.0,LTE
2015-03-02,12.0,LTE
2015-03-03,5.0,LTE
2015-03-04,4.0,LTE
2015-03-05,2.0,LTE
2015-03-06,4.0,LTE
2015-03-07,7.0,LTE
2015-03-08,17.0,LTE
2015-03-09,16.0,LTE
2015-03-10,8.0,LTE
2015-03-11,6.0,LTE
2015-03-12,8.0,LTE
2015-03-13,6.0,LTE
2015-03-14,12.0,LTE
2015-03-15,13.0,LTE
2015-03-16,13.0,LTE
2015-03-17,7.0,LTE
2015-03-18,4.0,LTE
2015-03-19,9.0,LTE
2015-03-20,5.0,LTE
2015-03-21,8.0,LTE
2015-03-22,12.0,LTE
2015-03-23,15.0,LTE
2015-03-24,5.0,LTE
2015-03-25,3.0,LTE
2015-03-26,4.0,LTE
2015-03-27,6.0,LTE
2015-03-28,7.0,LTE
2015-03-29,18.0,LTE
2015-03-30,17.0,LTE
2015-03-31,10.0,LTE
2015-04-01,9.0,LTE
2015-04-02,10.0,LTE
2015-04-03,8.0,LTE
2015-04-04,11.0,LTE
2015-04-05,17.0,LTE
2015-04-06,20.0,LTE
2015-04-07,9.0,LTE
2015-04-08,5.0,LTE
2015-04-09,9.0,LTE
2015-04-10,11.0,LTE
2015-04-11,8.0,LTE
2015-04-12,18.0,LTE
2015-04-13,20.0,LTE
2015-04-14,6.0,LTE
2015-04-15,5.0,LTE
2015-04-16,6.0,LTE
2015-04-17,5.0,LTE
2015-04-18,5.0,LTE
2015-04-19,17.0,LTE
2015-04-20,21.0,LTE
2015-04-21,12.0,LTE
2015-04-22,7.0,LTE
2015-04-23,5.0,LTE
2015-04-24,8.0,LTE
2015-04-25,7.0,LTE
2015-04-26,25.0,LTE
2015-04-27,18.0,LTE
2015-04-28,9.0,LTE
2015-04-29,8.0,LTE
2015-04-30,5.0,LTE
2015-05-01,9.0,LTE
2015-05-02,8.0,LTE
2015-05-03,22.0,LTE
2015-05-04,19.0,LTE
2015-05-05,13.0,LTE
2015-05-06,8.0,LTE
2015-05-07,7.0,LTE
2015-05-08,12.0,LTE
2015-05-09,4.0,LTE
2015-05-10,16.0,LTE
2015-05-11,15.0,LTE
2015-05-12,17.0,LTE
2015-05-13,10.0,LTE
2015-05-14,12.0,LTE
2015-05-15,11.0,LTE
2015-05-16,13.0,LTE
2015-05-17,29.0,LTE
2015-05-18,9.0,LTE
2015-05-19,26.0,LTE
2015-05-20,14.0,LTE
2015-05-21,8.0,LTE
2015-05-22,10.0,LTE
2015-05-23,10.0,LTE
2015-05-24,16.0,LTE
2015-05-25,37.0,LTE
2015-05-26,19.0,LTE
2015-05-27,10.0,LTE
2015-05-28,9.0,LTE
2015-05-29,11.0,LTE
2015-05-30,10.0,LTE
2015-05-31,26.0,LTE
2015-06-01,20.0,LTE
2015-06-02,7.0,LTE
2015-06-03,10.0,LTE
2015-06-04,6.0,LTE
2015-06-05,9.0,LTE
2015-06-06,16.0,LTE
2015-06-07,24.0,LTE
2015-06-08,17.0,LTE
2015-06-09,15.0,LTE
2015-06-10,13.0,LTE
2015-06-11,14.0,LTE
2015-06-12,7.0,LTE
2015-06-13,15.0,LTE
2015-06-14,28.0,LTE
2015-06-15,36.0,LTE
2015-06-16,14.0,LTE
2015-06-17,8.0,LTE
2015-06-18,9.0,LTE
2015-06-19,18.0,LTE
2015-06-20,8.0,LTE
2015-06-21,29.0,LTE
2015-06-22,27.0,LTE
2015-06-23,7.0,LTE
2015-06-24,8.0,LTE
2015-06-25,11.0,LTE
2015-06-26,11.0,LTE
2015-06-27,15.0,LTE
2015-06-28,27.0,LTE
2015-06-29,28.0,LTE
2015-06-30,13.0,LTE
2015-07-01,17.0,LTE
2015-07-02,10.0,LTE
2015-07-03,15.0,LTE
2015-07-04,11.0,LTE
2015-07-05,30.0,LTE
2015-07-06,33.0,LTE
2015-07-07,14.0,LTE
2015-07-08,10.0,LTE
2015-07-09,9.0,LTE
2015-07-10,10.0,LTE
2015-07-11,20.0,LTE
2015-07-12,15.0,LTE
2015-07-13,27.0,LTE
2015-07-14,14.0,LTE
2015-07-15,15.0,LTE
2015-07-16,12.0,LTE
2015-07-17,15.0,LTE
2015-07-18,11.0,LTE
2015-07-19,23.0,LTE
2015-07-20,34.0,LTE
2015-07-21,15.0,LTE
2015-07-22,10.0,LTE
2015-07-23,11.0,LTE
2015-07-24,16.0,LTE
2015-07-25,9.0,LTE
2015-07-26,23.0,LTE
2015-07-27,28.0,LTE
2015-07-28,16.0,LTE
2015-07-29,14.0,LTE
2015-07-30,16.0,LTE
2015-07-31,16.0,LTE
2015-08-01,10.0,LTE
2015-08-02,24.0,LTE
2015-08-03,29.0,LTE
2015-08-04,13.0,LTE
2015-08-05,17.0,LTE
2015-08-06,0.0,LTE
2015-08-07,37.0,LTE
2015-08-08,15.0,LTE
2015-08-09,31.0,LTE
2015-08-10,24.0,LTE
2015-08-11,19.0,LTE
2015-08-12,7.0,LTE
2015-08-13,12.0,LTE
2015-08-14,16.0,LTE
2015-08-15,14.0,LTE
2015-08-16,27.0,LTE
2015-08-17,33.0,LTE
2015-08-18,14.0,LTE
2015-08-19,17.0,LTE
2015-08-20,12.0,LTE
2015-08-21,19.0,LTE
2015-08-22,17.0,LTE
2015-08-23,30.0,LTE
2015-08-24,34.0,LTE
2015-08-25,17.0,LTE
2015-08-26,13.0,LTE
2015-08-27,12.0,LTE
2015-08-28,12.0,LTE
2015-08-29,7.0,LTE
2015-08-30,35.0,LTE
2015-08-31,35.0,LTE
2015-09-01,18.0,LTE
2015-09-02,8.0,LTE
2015-09-03,13.0,LTE
2015-09-04,12.0,LTE
2015-09-05,7.0,LTE
2015-09-06,27.0,LTE
2015-09-07,45.0,LTE
2015-09-08,31.0,LTE
2015-09-09,7.0,LTE
2015-09-10,15.0,LTE
2015-09-11,12.0,LTE
2015-09-12,9.0,LTE
2015-09-13,22.0,LTE
2015-09-14,29.0,LTE
2015-09-15,19.0,LTE
2015-09-16,12.0,LTE
2015-09-17,8.0,LTE
2015-09-18,12.0,LTE
2015-09-19,7.0,LTE
2015-09-20,8.0,LTE
2015-09-21,70.0,LTE
2015-09-22,12.0,LTE
2015-09-23,9.0,LTE
2015-09-24,8.0,LTE
2015-09-25,15.0,LTE
2015-09-26,16.0,LTE
2015-09-27,27.0,LTE
2015-09-28,42.0,LTE
2015-09-29,16.0,LTE
2015-09-30,15.0,LTE
2015-10-01,10.0,LTE
2015-10-02,12.0,LTE
2015-10-03,16.0,LTE
2015-10-04,27.0,LTE
2015-10-05,45.0,LTE
2015-10-06,14.0,LTE
2015-10-07,17.0,LTE
2015-10-08,14.0,LTE
2015-10-09,18.0,LTE
2015-10-10,26.0,LTE
2015-10-11,29.0,LTE
2015-10-12,48.0,LTE
2015-10-13,29.0,LTE
2015-10-14,23.0,LTE
2015-10-15,15.0,LTE
2015-10-16,22.0,LTE
2015-10-17,17.0,LTE
2015-10-18,39.0,LTE
2015-10-19,52.0,LTE
2015-10-20,27.0,LTE
2015-10-21,20.0,LTE
2015-10-22,14.0,LTE
2015-10-23,0.0,LTE
2015-10-24,32.0,LTE
2015-10-25,31.0,LTE
2015-10-26,47.0,LTE
2015-10-27,25.0,LTE
2015-10-28,8.0,LTE
2015-10-29,12.0,LTE
2015-10-30,15.0,LTE
2015-10-31,19.0,LTE
2015-11-01,44.0,LTE
2015-11-02,29.0,LTE
2015-11-03,20.0,LTE
2015-11-04,9.0,LTE
2015-11-05,10.0,LTE
2015-11-06,7.0,LTE
2015-11-07,15.0,LTE
2015-11-08,38.0,LTE
2015-11-09,31.0,LTE
2015-11-10,21.0,LTE
2015-11-11,9.0,LTE
2015-11-12,11.0,LTE
2015-11-13,12.0,LTE
2015-11-14,14.0,LTE
2015-11-15,39.0,LTE
2015-11-16,32.0,LTE
2015-11-17,7.0,LTE
2015-11-18,3.0,LTE
2015-11-19,9.0,LTE
2015-11-20,8.0,LTE
2015-11-21,7.0,LTE
2015-11-22,33.0,LTE
2015-11-23,41.0,LTE
2015-11-24,0.0,LTE
2015-11-25,34.0,LTE
2015-11-26,0.0,LTE
2015-11-27,18.0,LTE
2015-11-28,22.0,LTE
2015-11-29,41.0,LTE
2015-11-30,0.0,LTE
2015-12-01,37.0,LTE
2015-12-02,7.0,LTE
2015-12-03,4.0,LTE
2015-12-04,8.0,LTE
2015-12-05,7.0,LTE
2015-12-06,26.0,LTE
2015-12-07,32.0,LTE
2015-12-08,11.0,LTE
2015-12-09,6.0,LTE
2015-12-10,2.0,LTE
2015-12-11,9.0,LTE
2015-12-12,7.0,LTE
2015-12-13,29.0,LTE
2015-12-14,26.0,LTE
2015-12-15,12.0,LTE
2015-12-16,9.0,LTE
2015-12-17,12.0,LTE
2015-12-18,6.0,LTE
2015-12-19,9.0,LTE
2015-12-20,15.0,LTE
2015-12-21,28.0,LTE
2015-12-22,17.0,LTE
2015-12-23,15.0,LTE
2015-12-24,14.0,LTE
2015-12-25,10.0,LTE
2015-12-26,10.0,LTE
2015-12-27,17.0,LTE
2015-12-28,16.0,LTE
2015-12-29,19.0,LTE
2015-12-30,23.0,LTE
2015-12-31,23.0,LTE
2016-01-01,20.0,LTE
2016-01-02,33.0,LTE
2016-01-03,28.0,LTE
2016-01-04,7.0,LTE
2016-01-05,39.0,LTE
2016-01-06,7.0,LTE
2016-01-07,8.0,LTE
2016-01-08,12.0,LTE
2016-01-09,7.0,LTE
2016-01-10,21.0,LTE
2016-01-11,23.0,LTE
2016-01-12,12.0,LTE
2016-01-13,8.0,LTE
2016-01-14,3.0,LTE
2016-01-15,4.0,LTE
2016-01-16,3.0,LTE
2016-01-17,18.0,LTE
2016-01-18,30.0,LTE
2016-01-19,24.0,LTE
2016-01-20,2.0,LTE
2016-01-21,4.0,LTE
2016-01-22,4.0,LTE
2016-01-23,6.0,LTE
2016-01-24,8.0,LTE
2016-01-25,12.0,LTE
2016-01-26,2.0,LTE
2016-01-27,2.0,LTE
2016-01-28,0.0,LTE
2016-01-29,2.0,LTE
2016-01-30,5.0,LTE
2016-01-31,20.0,LTE
2016-02-01,19.0,LTE
2016-02-02,4.0,LTE
2016-02-03,4.0,LTE
2016-02-04,4.0,LTE
2016-02-05,7.0,LTE
2016-02-06,8.0,LTE
2016-02-07,15.0,LTE
2016-02-08,22.0,LTE
2016-02-09,7.0,LTE
2016-02-10,7.0,LTE
2016-02-11,7.0,LTE
2016-02-12,7.0,LTE
2016-02-13,12.0,LTE
2016-02-14,26.0,LTE
2016-02-15,48.0,LTE
2016-02-16,19.0,LTE
2016-02-17,6.0,LTE
2016-02-18,5.0,LTE
2016-02-19,10.0,LTE
2016-02-20,4.0,LTE
2016-02-21,31.0,LTE
2016-02-22,34.0,LTE
2016-02-23,8.0,LTE
2016-02-24,6.0,LTE
2016-02-25,6.0,LTE
2016-02-26,5.0,LTE
2016-02-27,7.0,LTE
2016-02-28,28.0,LTE
2016-02-29,37.0,LTE
2016-03-01,5.0,LTE
2016-03-02,5.0,LTE
2016-03-03,10.0,LTE
2016-03-04,5.0,LTE
2016-03-05,12.0,LTE
2016-03-06,29.0,LTE
2016-03-07,2.0,LTE
2016-03-08,32.0,LTE
2016-03-09,16.0,LTE
2016-03-10,30.0,LTE
2016-03-11,8.0,LTE
2016-03-12,17.0,LTE
2016-03-13,30.0,LTE
2016-03-14,4.0,LTE
2016-03-15,36.0,LTE
2016-03-16,23.0,LTE
2016-03-17,31.0,LTE
2016-03-18,21.0,LTE
2016-03-19,13.0,LTE
2016-03-20,34.0,LTE
2016-03-21,3.0,LTE
2016-03-22,22.0,LTE
2016-03-23,23.0,LTE
2016-03-24,20.0,LTE
2016-03-25,19.0,LTE
2016-03-26,21.0,LTE
2016-03-27,22.0,LTE
2016-03-28,9.0,LTE
2016-03-29,23.0,LTE
2016-03-30,26.0,LTE
2016-03-31,15.0,LTE
2016-04-01,30.0,LTE
2016-04-02,20.0,LTE
2016-04-03,5.0,LTE
2016-04-04,29.0,LTE
2016-04-05,36.0,LTE
2016-04-06,29.0,LTE
2016-04-07,11.0,LTE
2016-04-08,17.0,LTE
2016-04-09,11.0,LTE
2016-04-10,38.0,LTE
2016-04-11,52.0,LTE
2016-04-12,9.0,LTE
2016-04-13,11.0,LTE
2016-04-14,12.0,LTE
2016-04-15,13.0,LTE
2016-04-16,9.0,LTE
2016-04-17,58.0,LTE
2016-04-18,21.0,LTE
2016-04-19,13.0,LTE
2016-04-20,11.0,LTE
2016-04-21,11.0,LTE
2016-04-22,15.0,LTE
2016-04-23,16.0,LTE
2016-04-24,53.0,LTE
2016-04-25,18.0,LTE
2016-04-26,13.0,LTE
2016-04-27,19.0,LTE
2016-04-28,15.0,LTE
2016-04-29,15.0,LTE
2016-04-30,20.0,LTE
2016-05-01,55.0,LTE
2016-05-02,26.0,LTE
2016-05-03,17.0,LTE
2016-05-04,17.0,LTE
2016-05-05,14.0,LTE
2016-05-06,17.0,LTE
2016-05-07,18.0,LTE
2016-05-08,54.0,LTE
2016-05-09,20.0,LTE
2016-05-10,9.0,LTE
2016-05-11,14.0,LTE
2016-05-12,22.0,LTE
2016-05-13,23.0,LTE
2016-05-14,18.0,LTE
2016-05-15,53.0,LTE
2016-05-16,39.0,LTE
2016-05-17,21.0,LTE
2016-05-18,11.0,LTE
2016-05-19,15.0,LTE
2016-05-20,27.0,LTE
2016-05-21,11.0,LTE
2016-05-22,59.0,LTE
2016-05-23,38.0,LTE
2016-05-24,9.0,LTE
2016-05-25,14.0,LTE
2016-05-26,16.0,LTE
2016-05-27,13.0,LTE
2016-05-28,21.0,LTE
2016-05-29,33.0,LTE
2016-05-30,80.0,LTE
2016-05-31,27.0,LTE
2016-06-01,16.0,LTE
2016-06-02,21.0,LTE
2016-06-03,21.0,LTE
2016-06-04,21.0,LTE
2016-06-05,60.0,LTE
2016-06-06,44.0,LTE
2016-06-07,13.0,LTE
2016-06-08,16.0,LTE
2016-06-09,20.0,LTE
2016-06-10,23.0,LTE
2016-06-11,20.0,LTE
2016-06-12,49.0,LTE
2016-06-13,42.0,LTE
2016-06-14,20.0,LTE
2016-06-15,16.0,LTE
2016-06-16,16.0,LTE
2016-06-17,25.0,LTE
2016-06-18,23.0,LTE
2016-06-19,48.0,LTE
2016-06-20,51.0,LTE
2016-06-21,23.0,LTE
2016-06-22,25.0,LTE
2016-06-23,19.0,LTE
2016-06-24,36.0,LTE
2016-06-25,27.0,LTE
2016-06-26,60.0,LTE
2016-06-27,43.0,LTE
2016-06-28,23.0,LTE
2016-06-29,14.0,LTE
2016-06-30,15.0,LTE
2016-07-01,32.0,LTE
2016-07-02,20.0,LTE
2016-07-03,30.0,LTE
2016-07-04,52.0,LTE
2016-07-05,59.0,LTE
2016-07-06,29.0,LTE
2016-07-07,26.0,LTE
2016-07-08,28.0,LTE
2016-07-09,31.0,LTE
2016-07-10,46.0,LTE
2016-07-11,46.0,LTE
2016-07-12,20.0,LTE
2016-07-13,21.0,LTE
2016-07-14,19.0,LTE
2016-07-15,36.0,LTE
2016-07-16,24.0,LTE
2016-07-17,50.0,LTE
2016-07-18,54.0,LTE
2016-07-19,33.0,LTE
2016-07-20,23.0,LTE
2016-07-21,24.0,LTE
2016-07-22,19.0,LTE
2016-07-23,23.0,LTE
2016-07-24,54.0,LTE
2016-07-25,42.0,LTE
2016-07-26,30.0,LTE
2016-07-27,20.0,LTE
2016-07-28,26.0,LTE
2016-07-29,18.0,LTE
2016-07-30,32.0,LTE
2016-07-31,52.0,LTE
2016-08-01,52.0,LTE
2016-08-02,32.0,LTE
2016-08-03,25.0,LTE
2016-08-04,22.0,LTE
2016-08-05,24.0,LTE
2016-08-06,25.0,LTE
2016-08-07,61.0,LTE
2016-08-08,43.0,LTE
2016-08-09,22.0,LTE
2016-08-10,25.0,LTE
2016-08-11,26.0,LTE
2016-08-12,27.0,LTE
2016-08-13,27.0,LTE
2016-08-14,74.0,LTE
2016-08-15,45.0,LTE
2016-08-16,23.0,LTE
2016-08-17,19.0,LTE
2016-08-18,20.0,LTE
2016-08-19,25.0,LTE
2016-08-20,29.0,LTE
2016-08-21,68.0,LTE
2016-08-22,52.0,LTE
2016-08-23,27.0,LTE
2016-08-24,17.0,LTE
2016-08-25,14.0,LTE
2016-08-26,25.0,LTE
2016-08-27,31.0,LTE
2016-08-28,61.0,LTE
2016-08-29,47.0,LTE
2016-08-30,22.0,LTE
2016-08-31,20.0,LTE
2016-09-01,14.0,LTE
2016-09-02,24.0,LTE
2016-09-03,29.0,LTE
2016-09-04,36.0,LTE
2016-09-05,81.0,LTE
2016-09-06,58.0,LTE
2016-09-07,17.0,LTE
2016-09-08,13.0,LTE
2016-09-09,17.0,LTE
2016-09-10,29.0,LTE
2016-09-11,60.0,LTE
2016-09-12,46.0,LTE
2016-09-13,18.0,LTE
2016-09-14,18.0,LTE
2016-09-15,21.0,LTE
2016-09-16,21.0,LTE
2016-09-17,28.0,LTE
2016-09-18,87.0,LTE
2016-09-19,46.0,LTE
2016-09-20,24.0,LTE
2016-09-21,19.0,LTE
2016-09-22,17.0,LTE
2016-09-23,30.0,LTE
2016-09-24,23.0,LTE
2016-09-25,81.0,LTE
2016-09-26,41.0,LTE
2016-09-27,23.0,LTE
2016-09-28,23.0,LTE
2016-09-29,27.0,LTE
2016-09-30,22.0,LTE
2016-10-01,25.0,LTE
2016-10-02,77.0,LTE
2016-10-03,55.0,LTE
2016-10-04,27.0,LTE
2016-10-05,36.0,LTE
2016-10-06,26.0,LTE
2016-10-07,40.0,LTE
2016-10-08,26.0,LTE
2016-10-09,75.0,LTE
2016-10-10,83.0,LTE
2016-10-11,64.0,LTE
2016-10-12,37.0,LTE
2016-10-13,34.0,LTE
2016-10-14,42.0,LTE
2016-10-15,33.0,LTE
2016-10-16,95.0,LTE
2016-10-17,62.0,LTE
2016-10-18,31.0,LTE
2016-10-19,36.0,LTE
2016-10-20,33.0,LTE
2016-10-21,33.0,LTE
2016-10-22,32.0,LTE
2016-10-23,111.0,LTE
2016-10-24,56.0,LTE
2016-10-25,29.0,LTE
2016-10-26,34.0,LTE
2016-10-27,40.0,LTE
2016-10-28,33.0,LTE
2016-10-29,26.0,LTE
2016-10-30,114.0,LTE
2016-10-31,57.0,LTE
2016-11-01,24.0,LTE
2016-11-02,15.0,LTE
2016-11-03,20.0,LTE
2016-11-04,29.0,LTE
2016-11-05,20.0,LTE
2016-11-06,125.0,LTE
2016-11-07,50.0,LTE
2016-11-08,25.0,LTE
2016-11-09,17.0,LTE
2016-11-10,21.0,LTE
2016-11-11,30.0,LTE
2016-11-12,27.0,LTE
2016-11-13,131.0,LTE
2016-11-14,42.0,LTE
2016-11-15,18.0,LTE
2016-11-16,16.0,LTE
2016-11-17,10.0,LTE
2016-11-18,28.0,LTE
2016-11-19,23.0,LTE
2016-11-20,96.0,LTE
2016-11-21,24.0,LTE
2016-11-22,31.0,LTE
2016-11-23,35.0,LTE
2016-11-24,11.0,LTE
2016-11-25,22.0,LTE
2016-11-26,45.0,LTE
2016-11-27,109.0,LTE
2016-11-28,27.0,LTE
2016-11-29,17.0,LTE
2016-11-30,11.0,LTE
2016-12-01,16.0,LTE
2016-12-02,13.0,LTE
2016-12-03,15.0,LTE
2016-12-04,95.0,LTE
2016-12-05,27.0,LTE
2016-12-06,8.0,LTE
2016-12-07,12.0,LTE
2016-12-08,9.0,LTE
2016-12-09,11.0,LTE
2016-12-10,12.0,LTE
2016-12-11,112.0,LTE
2016-12-12,32.0,LTE
2016-12-13,16.0,LTE
2016-12-14,9.0,LTE
2016-12-15,18.0,LTE
2016-12-16,16.0,LTE
2016-12-17,21.0,LTE
2016-12-18,86.0,LTE
2016-12-19,33.0,LTE
2016-12-20,19.0,LTE
2016-12-21,28.0,LTE
2016-12-22,32.0,LTE
2016-12-23,33.0,LTE
2016-12-24,16.0,LTE
2016-12-25,11.0,LTE
2016-12-26,33.0,LTE
2016-12-27,31.0,LTE
2016-12-28,35.0,LTE
2016-12-29,59.0,LTE
2016-12-30,55.0,LTE
2016-12-31,33.0,LTE
2017-01-01,96.0,LTE
2017-01-02,73.0,LTE
2017-01-03,25.0,LTE
2017-01-04,20.0,LTE
2017-01-05,25.0,LTE
2017-01-06,21.0,LTE
2017-01-07,14.0,LTE
2017-01-08,50.0,LTE
2017-01-09,17.0,LTE
2017-01-10,9.0,LTE
2017-01-11,7.0,LTE
2017-01-12,5.0,LTE
2017-01-13,17.0,LTE
2017-01-14,10.0,LTE
2017-01-15,59.0,LTE
2017-01-16,81.0,LTE
2017-01-17,10.0,LTE
2017-01-18,11.0,LTE
2017-01-19,9.0,LTE
2017-01-20,8.0,LTE
2017-01-21,11.0,LTE
2017-01-22,70.0,LTE
2017-01-23,18.0,LTE
2017-01-24,12.0,LTE
2017-01-25,8.0,LTE
2017-01-26,11.0,LTE
2017-01-27,9.0,LTE
2017-01-28,9.0,LTE
2017-01-29,76.0,LTE
2017-01-30,17.0,LTE
2017-01-31,16.0,LTE
2017-02-01,6.0,LTE
2017-02-02,6.0,LTE
2017-02-03,6.0,LTE
2017-02-04,18.0,LTE
2017-02-05,63.0,LTE
2017-02-06,21.0,LTE
2017-02-07,5.0,LTE
2017-02-08,13.0,LTE
2017-02-09,9.0,LTE
2017-02-10,11.0,LTE
2017-02-11,14.0,LTE
2017-02-12,113.0,LTE
2017-02-13,20.0,LTE
2017-02-14,11.0,LTE
2017-02-15,9.0,LTE
2017-02-16,17.0,LTE
2017-02-17,17.0,LTE
2017-02-18,23.0,LTE
2017-02-19,111.0,LTE
2017-02-20,90.0,LTE
2017-02-21,19.0,LTE
2017-02-22,20.0,LTE
2017-02-23,17.0,LTE
2017-02-24,12.0,LTE
2017-02-25,17.0,LTE
2017-02-26,113.0,LTE
2017-02-27,19.0,LTE
2017-02-28,18.0,LTE
2017-03-01,14.0,LTE
2017-03-02,15.0,LTE
2017-03-03,18.0,LTE
2017-03-04,19.0,LTE
2017-03-05,95.0,LTE
2017-03-06,52.0,LTE
2017-03-07,21.0,LTE
2017-03-08,43.0,LTE
2017-03-09,32.0,LTE
2017-03-10,35.0,LTE
2017-03-11,28.0,LTE
2017-03-12,123.0,LTE
2017-03-13,39.0,LTE
2017-03-14,33.0,LTE
2017-03-15,32.0,LTE
2017-03-16,39.0,LTE
2017-03-17,39.0,LTE
2017-03-18,36.0,LTE
2017-03-19,122.0,LTE
2017-03-20,39.0,LTE
2017-03-21,20.0,LTE
2017-03-22,27.0,LTE
2017-03-23,35.0,LTE
2017-03-24,23.0,LTE
2017-03-25,36.0,LTE
2017-03-26,126.0,LTE
2017-03-27,31.0,LTE
2017-03-28,26.0,LTE
2017-03-29,29.0,LTE
2017-03-30,29.0,LTE
2017-03-31,37.0,LTE
2017-04-01,33.0,LTE
2017-04-02,123.0,LTE
2017-04-03,52.0,LTE
2017-04-04,24.0,LTE
2017-04-05,32.0,LTE
2017-04-06,27.0,LTE
2017-04-07,43.0,LTE
2017-04-08,37.0,LTE
2017-04-09,112.0,LTE
2017-04-10,40.0,LTE
2017-04-11,34.0,LTE
2017-04-12,47.0,LTE
2017-04-13,37.0,LTE
2017-04-14,49.0,LTE
2017-04-15,48.0,LTE
2017-04-16,117.0,LTE
2017-04-17,62.0,LTE
2017-04-18,30.0,LTE
2017-04-19,23.0,LTE
2017-04-20,32.0,LTE
2017-04-21,44.0,LTE
2017-04-22,41.0,LTE
2017-04-23,120.0,LTE
2017-04-24,53.0,LTE
2017-04-25,34.0,LTE
2017-04-26,22.0,LTE
2017-04-27,28.0,LTE
2017-04-28,24.0,LTE
2017-04-29,24.0,LTE
2017-04-30,126.0,LTE
2017-05-01,50.0,LTE
2017-05-02,26.0,LTE
2017-05-03,27.0,LTE
2017-05-04,30.0,LTE
2017-05-05,29.0,LTE
2017-05-06,31.0,LTE
2017-05-07,134.0,LTE
2017-05-08,60.0,LTE
2017-05-09,38.0,LTE
2017-05-10,46.0,LTE
2017-05-11,41.0,LTE
2017-05-12,40.0,LTE
2017-05-13,32.0,LTE
2017-05-14,126.0,LTE
2017-05-15,40.0,LTE
2017-05-16,31.0,LTE
2017-05-17,38.0,LTE
2017-05-18,30.0,LTE
2017-05-19,40.0,LTE
2017-05-20,39.0,LTE
2017-05-21,150.0,LTE
2017-05-22,70.0,LTE
2017-05-23,37.0,LTE
2017-05-24,40.0,LTE
2017-05-25,29.0,LTE
2017-05-26,45.0,LTE
2017-05-27,50.0,LTE
2017-05-28,63.0,LTE
2017-05-29,144.0,LTE
2017-05-30,51.0,LTE
2017-05-31,36.0,LTE
2017-06-01,28.0,LTE
2017-06-02,39.0,LTE
2017-06-03,44.0,LTE
2017-06-04,119.0,LTE
2017-06-05,49.0,LTE
2017-06-06,25.0,LTE
2017-06-07,30.0,LTE
2017-06-08,44.0,LTE
2017-06-09,51.0,LTE
2017-06-10,45.0,LTE
2017-06-11,147.0,LTE
2017-06-12,49.0,LTE
2017-06-13,27.0,LTE
2017-06-14,49.0,LTE
2017-06-15,35.0,LTE
2017-06-16,45.0,LTE
2017-06-17,38.0,LTE
2017-06-18,150.0,LTE
2017-06-19,44.0,LTE
2017-06-20,33.0,LTE
2017-06-21,36.0,LTE
2017-06-22,38.0,LTE
2017-06-23,42.0,LTE
2017-06-24,42.0,LTE
2017-06-25,140.0,LTE
2017-06-26,63.0,LTE
2017-06-27,7.0,LTE
2017-06-28,18.0,LTE
2017-06-29,50.0,LTE
2017-06-30,40.0,LTE
2017-07-01,79.0,LTE
2017-07-02,76.0,LTE
2017-07-03,81.0,LTE
2017-07-04,103.0,LTE
2017-07-05,59.0,LTE
2017-07-06,41.0,LTE
2017-07-07,45.0,LTE
2017-07-08,49.0,LTE
2017-07-09,121.0,LTE
2017-07-10,41.0,LTE
2017-07-11,38.0,LTE
2017-07-12,29.0,LTE
2017-07-13,36.0,LTE
2017-07-14,44.0,LTE
2017-07-15,47.0,LTE
2017-07-16,140.0,LTE
2017-07-17,50.0,LTE
2017-07-18,41.0,LTE
2017-07-19,42.0,LTE
2017-07-20,37.0,LTE
2017-07-21,63.0,LTE
2017-07-22,46.0,LTE
2017-07-23,142.0,LTE
2017-07-24,47.0,LTE
2017-07-25,43.0,LTE
2017-07-26,45.0,LTE
2017-07-27,52.0,LTE
2017-07-28,54.0,LTE
2017-07-29,37.0,LTE
2017-07-30,172.0,LTE
2017-07-31,61.0,LTE
2017-08-01,31.0,LTE
2017-08-02,35.0,LTE
2017-08-03,40.0,LTE
2017-08-04,53.0,LTE
2017-08-05,38.0,LTE
2017-08-06,145.0,LTE
2017-08-07,69.0,LTE
2017-08-08,37.0,LTE
2017-08-09,41.0,LTE
2017-08-10,32.0,LTE
2017-08-11,37.0,LTE
2017-08-12,48.0,LTE
2017-08-13,142.0,LTE
2017-08-14,54.0,LTE
2017-08-15,29.0,LTE
2017-08-16,26.0,LTE
2017-08-17,37.0,LTE
2017-08-18,44.0,LTE
2017-08-19,71.0,LTE
2017-08-20,131.0,LTE
2017-08-21,114.0,LTE
2017-08-22,119.0,LTE
2017-08-23,67.0,LTE
2017-08-24,54.0,LTE
2017-08-25,60.0,LTE
2017-08-26,31.0,LTE
2017-08-27,144.0,LTE
2017-08-28,61.0,LTE
2017-08-29,23.0,LTE
2017-08-30,18.0,LTE
2017-08-31,30.0,LTE
2017-09-01,33.0,LTE
2017-09-02,47.0,LTE
2017-09-03,71.0,LTE
2017-09-04,182.0,LTE
2017-09-05,49.0,LTE
2017-09-06,26.0,LTE
2017-09-07,34.0,LTE
2017-09-08,27.0,LTE
2017-09-09,41.0,LTE
2017-09-10,155.0,LTE
2017-09-11,49.0,LTE
2017-09-12,53.0,LTE
2017-09-13,57.0,LTE
2017-09-14,46.0,LTE
2017-09-15,42.0,LTE
2017-09-16,33.0,LTE
2017-09-17,177.0,LTE
2017-09-18,43.0,LTE
2017-09-19,22.0,LTE
2017-09-20,33.0,LTE
2017-09-21,28.0,LTE
2017-09-22,43.0,LTE
2017-09-23,38.0,LTE
2017-09-24,168.0,LTE
2017-09-25,58.0,LTE
2017-09-26,46.0,LTE
2017-09-27,29.0,LTE
2017-09-28,27.0,LTE
2017-09-29,39.0,LTE
2017-09-30,50.0,LTE
2017-10-01,184.0,LTE
2017-10-02,59.0,LTE
2017-10-03,41.0,LTE
2017-10-04,37.0,LTE
2017-10-05,52.0,LTE
2017-10-06,51.0,LTE
2017-10-07,59.0,LTE
2017-10-08,161.0,LTE
2017-10-09,112.0,LTE
2017-10-10,72.0,LTE
2017-10-11,49.0,LTE
2017-10-12,57.0,LTE
2017-10-13,71.0,LTE
2017-10-14,73.0,LTE
2017-10-15,212.0,LTE
2017-10-16,91.0,LTE
2017-10-17,57.0,LTE
2017-10-18,40.0,LTE
2017-10-19,60.0,LTE
2017-10-20,69.0,LTE
2017-10-21,51.0,LTE
2017-10-22,187.0,LTE
2017-10-23,60.0,LTE
2017-10-24,41.0,LTE
2017-10-25,44.0,LTE
2017-10-26,56.0,LTE
2017-10-27,72.0,LTE
2017-10-28,40.0,LTE
2017-10-29,203.0,LTE
2017-10-30,51.0,LTE
2017-10-31,41.0,LTE
2017-11-01,27.0,LTE
2017-11-02,28.0,LTE
2017-11-03,47.0,LTE
2017-11-04,37.0,LTE
2017-11-05,200.0,LTE
2017-11-06,62.0,LTE
2017-11-07,25.0,LTE
2017-11-08,37.0,LTE
2017-11-09,34.0,LTE
2017-11-10,50.0,LTE
2017-11-11,42.0,LTE
2017-11-12,204.0,LTE
2017-11-13,67.0,LTE
2017-11-14,25.0,LTE
2017-11-15,21.0,LTE
2017-11-16,15.0,LTE
2017-11-17,28.0,LTE
2017-11-18,41.0,LTE
2017-11-19,174.0,LTE
2017-11-20,54.0,LTE
2017-11-21,39.0,LTE
2017-11-22,56.0,LTE
2017-11-23,27.0,LTE
2017-11-24,41.0,LTE
2017-11-25,80.0,LTE
2017-11-26,170.0,LTE
2017-11-27,43.0,LTE
2017-11-28,24.0,LTE
2017-11-29,16.0,LTE
2017-11-30,23.0,LTE
2017-12-01,25.0,LTE
2017-12-02,36.0,LTE
2017-12-03,163.0,LTE
2017-12-04,44.0,LTE
2017-12-05,13.0,LTE
2017-12-06,21.0,LTE
2017-12-07,12.0,LTE
2017-12-08,27.0,LTE
2017-12-09,39.0,LTE
2017-12-10,164.0,LTE
2017-12-11,35.0,LTE
2017-12-12,25.0,LTE
2017-12-13,29.0,LTE
2017-12-14,29.0,LTE
2017-12-15,43.0,LTE
2017-12-16,38.0,LTE
2017-12-17,160.0,LTE
2017-12-18,57.0,LTE
2017-12-19,46.0,LTE
2017-12-20,39.0,LTE
2017-12-21,39.0,LTE
2017-12-22,51.0,LTE
2017-12-23,56.0,LTE
2017-12-24,40.0,LTE
2017-12-25,32.0,LTE
2017-12-26,66.0,LTE
2017-12-27,43.0,LTE
2017-12-28,69.0,LTE
2017-12-29,106.0,LTE
2017-12-30,93.0,LTE
2017-12-31,67.0,LTE
2018-01-01,198.0,LTE
2018-01-02,75.0,LTE
2018-01-03,40.0,LTE
2018-01-04,34.0,LTE
2018-01-05,42.0,LTE
2018-01-06,43.0,LTE
2018-01-07,83.0,LTE
2018-01-08,24.0,LTE
2018-01-09,24.0,LTE
2018-01-10,20.0,LTE
2018-01-11,14.0,LTE
2018-01-12,22.0,LTE
2018-01-13,16.0,LTE
2018-01-14,94.0,LTE
2018-01-15,127.0,LTE
2018-01-16,16.0,LTE
2018-01-17,10.0,LTE
2018-01-18,9.0,LTE
2018-01-19,12.0,LTE
2018-01-20,17.0,LTE
2018-01-21,118.0,LTE
2018-01-22,41.0,LTE
2018-01-23,19.0,LTE
2018-01-24,13.0,LTE
2018-01-25,12.0,LTE
2018-01-26,20.0,LTE
2018-01-27,21.0,LTE
2018-01-28,117.0,LTE
2018-01-29,28.0,LTE
2018-01-30,15.0,LTE
2018-01-31,21.0,LTE
2018-02-01,16.0,LTE
2018-02-02,21.0,LTE
2018-02-03,32.0,LTE
2018-02-04,110.0,LTE
2018-02-05,28.0,LTE
2018-02-06,11.0,LTE
2018-02-07,14.0,LTE
2018-02-08,18.0,LTE
2018-02-09,16.0,LTE
2018-02-10,24.0,LTE
2018-02-11,144.0,LTE
2018-02-12,45.0,LTE
2018-02-13,21.0,LTE
2018-02-14,15.0,LTE
2018-02-15,29.0,LTE
2018-02-16,26.0,LTE
2018-02-17,39.0,LTE
2018-02-18,179.0,LTE
2018-02-19,103.0,LTE
2018-02-20,25.0,LTE
2018-02-21,28.0,LTE
2018-02-22,20.0,LTE
2018-02-23,28.0,LTE
2018-02-24,33.0,LTE
2018-02-25,194.0,LTE
2018-02-26,32.0,LTE
2018-02-27,26.0,LTE
2018-02-28,21.0,LTE
2018-03-01,18.0,LTE
2018-03-02,28.0,LTE
2018-03-03,28.0,LTE
2018-03-04,165.0,LTE
2018-03-05,71.0,LTE
2018-03-06,51.0,LTE
2018-03-07,42.0,LTE
2018-03-08,49.0,LTE
2018-03-09,57.0,LTE
2018-03-10,59.0,LTE
2018-03-11,174.0,LTE
2018-03-12,74.0,LTE
2018-03-13,50.0,LTE
2018-03-14,66.0,LTE
2018-03-15,69.0,LTE
2018-03-16,75.0,LTE
2018-03-17,56.0,LTE
2018-03-18,207.0,LTE
2018-03-19,60.0,LTE
2018-03-20,32.0,LTE
2018-03-21,43.0,LTE
2018-03-22,38.0,LTE
2018-03-23,43.0,LTE
2018-03-24,50.0,LTE
2018-03-25,181.0,LTE
2018-03-26,65.0,LTE
2018-03-27,59.0,LTE
2018-03-28,66.0,LTE
2018-03-29,67.0,LTE
2018-03-30,85.0,LTE
2018-03-31,66.0,LTE
2018-04-01,189.0,LTE
2018-04-02,76.0,LTE
2018-04-03,53.0,LTE
2018-04-04,70.0,LTE
2018-04-05,95.0,LTE
2018-04-06,76.0,LTE
2018-04-07,88.0,LTE
2018-04-08,200.0,LTE
2018-04-09,56.0,LTE
2018-04-10,30.0,LTE
2018-04-11,30.0,LTE
2018-04-12,32.0,LTE
2018-04-13,42.0,LTE
2018-04-14,58.0,LTE
2018-04-15,217.0,LTE
2018-04-16,69.0,LTE
2018-04-17,50.0,LTE
2018-04-18,35.0,LTE
2018-04-19,41.0,LTE
2018-04-20,43.0,LTE
2018-04-21,48.0,LTE
2018-04-22,226.0,LTE
2018-04-23,76.0,LTE
2018-04-24,38.0,LTE
2018-04-25,42.0,LTE
2018-04-26,44.0,LTE
2018-04-27,62.0,LTE
2018-04-28,54.0,LTE
2018-04-29,212.0,LTE
2018-04-30,104.0,LTE
2018-05-01,0.0,LTE
2018-05-02,39.0,LTE
2018-05-03,40.0,LTE
2018-05-04,84.0,LTE
2018-05-05,67.0,LTE
2018-05-06,220.0,LTE
2018-05-07,75.0,LTE
2018-05-08,63.0,LTE
2018-05-09,51.0,LTE
2018-05-10,60.0,LTE
2018-05-11,52.0,LTE
2018-05-12,61.0,LTE
2018-05-13,211.0,LTE
2018-05-14,70.0,LTE
2018-05-15,52.0,LTE
2018-05-16,49.0,LTE
2018-05-17,41.0,LTE
2018-05-18,78.0,LTE
2018-05-19,66.0,LTE
2018-05-20,235.0,LTE
2018-05-21,93.0,LTE
2018-05-22,62.0,LTE
2018-05-23,51.0,LTE
2018-05-24,47.0,LTE
2018-05-25,65.0,LTE
2018-05-26,58.0,LTE
2018-05-27,103.0,LTE
2018-05-28,267.0,LTE
2018-05-29,87.0,LTE
2018-05-30,41.0,LTE
2018-05-31,53.0,LTE
2018-06-01,69.0,LTE
2018-06-02,58.0,LTE
2018-06-03,215.0,LTE
2018-06-04,83.0,LTE
2018-06-05,55.0,LTE
2018-06-06,51.0,LTE
2018-06-07,58.0,LTE
2018-06-08,68.0,LTE
2018-06-09,56.0,LTE
2018-06-10,212.0,LTE
2018-06-11,101.0,LTE
2018-06-12,46.0,LTE
2018-06-13,63.0,LTE
2018-06-14,55.0,LTE
2018-06-15,65.0,LTE
2018-06-16,70.0,LTE
2018-06-17,228.0,LTE
2018-06-18,84.0,LTE
2018-06-19,63.0,LTE
2018-06-20,56.0,LTE
2018-06-21,78.0,LTE
2018-06-22,75.0,LTE
2018-06-23,72.0,LTE
2018-06-24,224.0,LTE
2018-06-25,108.0,LTE
2018-06-26,64.0,LTE
2018-06-27,74.0,LTE
2018-06-28,67.0,LTE
2018-06-29,92.0,LTE
2018-06-30,96.0,LTE
2018-07-01,206.0,LTE
2018-07-02,102.0,LTE
2018-07-03,96.0,LTE
2018-07-04,88.0,LTE
2018-07-05,91.0,LTE
2018-07-06,95.0,LTE
2018-07-07,104.0,LTE
2018-07-08,259.0,LTE
2018-07-09,73.0,LTE
2018-07-10,72.0,LTE
2018-07-11,70.0,LTE
2018-07-12,68.0,LTE
2018-07-13,94.0,LTE
2018-07-14,76.0,LTE
2018-07-15,227.0,LTE
2018-07-16,120.0,LTE
2018-07-17,70.0,LTE
2018-07-18,69.0,LTE
2018-07-19,78.0,LTE
2018-07-20,95.0,LTE
2018-07-21,80.0,LTE
2018-07-22,225.0,LTE
2018-07-23,107.0,LTE
2018-07-24,64.0,LTE
2018-07-25,68.0,LTE
2018-07-26,76.0,LTE
2018-07-27,90.0,LTE
2018-07-28,70.0,LTE
2018-07-29,262.0,LTE
2018-07-30,95.0,LTE
2018-07-31,67.0,LTE
2018-08-01,56.0,LTE
2018-08-02,61.0,LTE
2018-08-03,95.0,LTE
2018-08-04,77.0,LTE
2018-08-05,267.0,LTE
2018-08-06,90.0,LTE
2018-08-07,80.0,LTE
2018-08-08,61.0,LTE
2018-08-09,85.0,LTE
2018-08-10,91.0,LTE
2018-08-11,78.0,LTE
2018-08-12,256.0,LTE
2018-08-13,107.0,LTE
2018-08-14,65.0,LTE
2018-08-15,66.0,LTE
2018-08-16,81.0,LTE
2018-08-17,85.0,LTE
2018-08-18,80.0,LTE
2018-08-19,266.0,LTE
2018-08-20,102.0,LTE
2018-08-21,59.0,LTE
2018-08-22,59.0,LTE
2018-08-23,45.0,LTE
2018-08-24,67.0,LTE
2018-08-25,68.0,LTE
2018-08-26,267.0,LTE
2018-08-27,89.0,LTE
2018-08-28,53.0,LTE
2018-08-29,48.0,LTE
2018-08-30,57.0,LTE
2018-08-31,89.0,LTE
2018-09-01,78.0,LTE
2018-09-02,104.0,LTE
2018-09-03,331.0,LTE
2018-09-04,66.0,LTE
2018-09-05,50.0,LTE
2018-09-06,39.0,LTE
2018-09-07,66.0,LTE
2018-09-08,74.0,LTE
2018-09-09,229.0,LTE
2018-09-10,106.0,LTE
2018-09-11,55.0,LTE
2018-09-12,55.0,LTE
2018-09-13,63.0,LTE
2018-09-14,92.0,LTE
2018-09-15,85.0,LTE
2018-09-16,195.0,LTE
2018-09-17,58.0,LTE
2018-09-18,31.0,LTE
2018-09-19,36.0,LTE
2018-09-20,44.0,LTE
2018-09-21,67.0,LTE
2018-09-22,78.0,LTE
2018-09-23,298.0,LTE
2018-09-24,94.0,LTE
2018-09-25,54.0,LTE
2018-09-26,64.0,LTE
2018-09-27,65.0,LTE
2018-09-28,88.0,LTE
2018-09-29,85.0,LTE
2018-09-30,321.0,LTE
2018-10-01,90.0,LTE
2018-10-02,74.0,LTE
2018-10-03,76.0,LTE
2018-10-04,73.0,LTE
2018-10-05,100.0,LTE
2018-10-06,102.0,LTE
2018-10-07,275.0,LTE
2018-10-08,171.0,LTE
2018-10-09,95.0,LTE
2018-10-10,89.0,LTE
2018-10-11,88.0,LTE
2018-10-12,99.0,LTE
2018-10-13,92.0,LTE
2018-10-14,307.0,LTE
2018-10-15,145.0,LTE
2018-10-16,81.0,LTE
2018-10-17,89.0,LTE
2018-10-18,102.0,LTE
2018-10-19,132.0,LTE
2018-10-20,87.0,LTE
2018-10-21,327.0,LTE
2018-10-22,139.0,LTE
2018-10-23,87.0,LTE
2018-10-24,86.0,LTE
2018-10-25,92.0,LTE
2018-10-26,116.0,LTE
2018-10-27,84.0,LTE
2018-10-28,333.0,LTE
2018-10-29,112.0,LTE
2018-10-30,70.0,LTE
2018-10-31,65.0,LTE
2018-11-01,68.0,LTE
2018-11-02,58.0,LTE
2018-11-03,65.0,LTE
2018-11-04,318.0,LTE
2018-11-05,113.0,LTE
2018-11-06,90.0,LTE
2018-11-07,46.0,LTE
2018-11-08,53.0,LTE
2018-11-09,94.0,LTE
2018-11-10,81.0,LTE
2018-11-11,276.0,LTE
2018-11-12,175.0,LTE
2018-11-13,59.0,LTE
2018-11-14,38.0,LTE
2018-11-15,35.0,LTE
2018-11-16,69.0,LTE
2018-11-17,69.0,LTE
2018-11-18,304.0,LTE
2018-11-19,80.0,LTE
2018-11-20,72.0,LTE
2018-11-21,108.0,LTE
2018-11-22,31.0,LTE
2018-11-23,70.0,LTE
2018-11-24,137.0,LTE
2018-11-25,282.0,LTE
2018-11-26,77.0,LTE
2018-11-27,40.0,LTE
2018-11-28,43.0,LTE
2018-11-29,33.0,LTE
2018-11-30,41.0,LTE
2018-12-01,46.0,LTE
2018-12-02,259.0,LTE
2018-12-03,64.0,LTE
2018-12-04,44.0,LTE
2018-12-05,39.0,LTE
2018-12-06,35.0,LTE
2018-12-07,49.0,LTE
2018-12-08,68.0,LTE
2018-12-09,217.0,LTE
2018-12-10,60.0,LTE
2018-12-11,23.0,LTE
2018-12-12,29.0,LTE
2018-12-13,33.0,LTE
2018-12-14,42.0,LTE
2018-12-15,65.0,LTE
2018-12-16,263.0,LTE
2018-12-17,83.0,LTE
2018-12-18,54.0,LTE
2018-12-19,52.0,LTE
2018-12-20,68.0,LTE
2018-12-21,59.0,LTE
2018-12-22,87.0,LTE
2018-12-23,151.0,LTE
2018-12-24,85.0,LTE
2018-12-25,42.0,LTE
2018-12-26,97.0,LTE
2018-12-27,78.0,LTE
2018-12-28,127.0,LTE
2018-12-29,128.0,LTE
2018-12-30,159.0,LTE
2018-12-31,106.0,LTE
2019-01-01,300.0,LTE
2019-01-02,119.0,LTE
2019-01-03,74.0,LTE
2019-01-04,79.0,LTE
2019-01-05,78.0,LTE
2019-01-06,183.0,LTE
2019-01-07,40.0,LTE
2019-01-08,33.0,LTE
2019-01-09,36.0,LTE
2019-01-10,32.0,LTE
2019-01-11,37.0,LTE
2019-01-12,41.0,LTE
2019-01-13,163.0,LTE
2019-01-14,42.0,LTE
2019-01-15,30.0,LTE
2019-01-16,22.0,LTE
2019-01-17,30.0,LTE
2019-01-18,24.0,LTE
2019-01-19,40.0,LTE
2019-01-20,161.0,LTE
2019-01-21,246.0,LTE
2019-01-22,29.0,LTE
2019-01-23,20.0,LTE
2019-01-24,23.0,LTE
2019-01-25,28.0,LTE
2019-01-26,34.0,LTE
2019-01-27,219.0,LTE
2019-01-28,56.0,LTE
2019-01-29,23.0,LTE
2019-01-30,26.0,LTE
2019-01-31,15.0,LTE
2019-02-01,26.0,LTE
2019-02-02,53.0,LTE
2019-02-03,205.0,LTE
2019-02-04,56.0,LTE
2019-02-05,28.0,LTE
2019-02-06,15.0,LTE
2019-02-07,21.0,LTE
2019-02-08,34.0,LTE
2019-02-09,55.0,LTE
2019-02-10,285.0,LTE
2019-02-11,51.0,LTE
2019-02-12,27.0,LTE
2019-02-13,23.0,LTE
2019-02-14,35.0,LTE
2019-02-15,51.0,LTE
2019-02-16,56.0,LTE
2019-02-17,297.0,LTE
2019-02-18,187.0,LTE
2019-02-19,46.0,LTE
2019-02-20,27.0,LTE
2019-02-21,30.0,LTE
2019-02-22,32.0,LTE
2019-02-23,56.0,LTE
2019-02-24,287.0,LTE
2019-02-25,78.0,LTE
2019-02-26,24.0,LTE
2019-02-27,33.0,LTE
2019-02-28,39.0,LTE
2019-03-01,45.0,LTE
2019-03-02,54.0,LTE
2019-03-03,254.0,LTE
2019-03-04,87.0,LTE
2019-03-05,48.0,LTE
2019-03-06,66.0,LTE
2019-03-07,68.0,LTE
2019-03-08,53.0,LTE
2019-03-09,73.0,LTE
2019-03-10,315.0,LTE
2019-03-11,99.0,LTE
2019-03-12,78.0,LTE
2019-03-13,122.0,LTE
2019-03-14,93.0,LTE
2019-03-15,104.0,LTE
2019-03-16,91.0,LTE
2019-03-17,320.0,LTE
2019-03-18,132.0,LTE
2019-03-19,79.0,LTE
2019-03-20,67.0,LTE
2019-03-21,82.0,LTE
2019-03-22,79.0,LTE
2019-03-23,90.0,LTE
2019-03-24,314.0,LTE
2019-03-25,112.0,LTE
2019-03-26,69.0,LTE
2019-03-27,88.0,LTE
2019-03-28,87.0,LTE
2019-03-29,75.0,LTE
2019-03-30,89.0,LTE
2019-03-31,350.0,LTE
2019-04-01,102.0,LTE
2019-04-02,72.0,LTE
2019-04-03,69.0,LTE
2019-04-04,71.0,LTE
2019-04-05,106.0,LTE
2019-04-06,98.0,LTE
2019-04-07,332.0,LTE
2019-04-08,91.0,LTE
2019-04-09,53.0,LTE
2019-04-10,60.0,LTE
2019-04-11,55.0,LTE
2019-04-12,68.0,LTE
2019-04-13,84.0,LTE
2019-04-14,316.0,LTE
2019-04-15,126.0,LTE
2019-04-16,106.0,LTE
2019-04-17,103.0,LTE
2019-04-18,102.0,LTE
2019-04-19,115.0,LTE
2019-04-20,122.0,LTE
2019-04-21,335.0,LTE
2019-04-22,123.0,LTE
2019-04-23,66.0,LTE
2019-04-24,63.0,LTE
2019-04-25,79.0,LTE
2019-04-26,113.0,LTE
2019-04-27,87.0,LTE
2019-04-28,376.0,LTE
2019-04-29,147.0,LTE
2019-04-30,68.0,LTE
2019-05-01,75.0,LTE
2019-05-02,60.0,LTE
2019-05-03,95.0,LTE
2019-05-04,119.0,LTE
2019-05-05,376.0,LTE
2019-05-06,119.0,LTE
2019-05-07,74.0,LTE
2019-05-08,86.0,LTE
2019-05-09,72.0,LTE
2019-05-10,82.0,LTE
2019-05-11,102.0,LTE
2019-05-12,305.0,LTE
2019-05-13,121.0,LTE
2019-05-14,84.0,LTE
2019-05-15,94.0,LTE
2019-05-16,78.0,LTE
2019-05-17,95.0,LTE
2019-05-18,79.0,LTE
2019-05-19,352.0,LTE
2019-05-20,143.0,LTE
2019-05-21,83.0,LTE
2019-05-22,71.0,LTE
2019-05-23,83.0,LTE
2019-05-24,99.0,LTE
2019-05-25,107.0,LTE
2019-05-26,149.0,LTE
2019-05-27,420.0,LTE
2019-05-28,114.0,LTE
2019-05-29,66.0,LTE
2019-05-30,68.0,LTE
2019-05-31,89.0,LTE
2019-06-01,80.0,LTE
2019-06-02,301.0,LTE
2019-06-03,118.0,LTE
2019-06-04,89.0,LTE
2019-06-05,74.0,LTE
2019-06-06,75.0,LTE
2019-06-07,95.0,LTE
2019-06-08,105.0,LTE
2019-06-09,350.0,LTE
2019-06-10,137.0,LTE
2019-06-11,56.0,LTE
2019-06-12,88.0,LTE
2019-06-13,95.0,LTE
2019-06-14,114.0,LTE
2019-06-15,125.0,LTE
2019-06-16,319.0,LTE
2019-06-17,124.0,LTE
2019-06-18,82.0,LTE
2019-06-19,81.0,LTE
2019-06-20,83.0,LTE
2019-06-21,104.0,LTE
2019-06-22,105.0,LTE
2019-06-23,344.0,LTE
2019-06-24,126.0,LTE
2019-06-25,79.0,LTE
2019-06-26,86.0,LTE
2019-06-27,121.0,LTE
2019-06-28,126.0,LTE
2019-06-29,123.0,LTE
2019-06-30,325.0,LTE
2019-07-01,145.0,LTE
2019-07-02,77.0,LTE
2019-07-03,115.0,LTE
2019-07-04,113.0,LTE
2019-07-05,133.0,LTE
2019-07-06,164.0,LTE
2019-07-07,402.0,LTE
2019-07-08,116.0,LTE
2019-07-09,86.0,LTE
2019-07-10,85.0,LTE
2019-07-11,83.0,LTE
2019-07-12,123.0,LTE
2019-07-13,99.0,LTE
2019-07-14,340.0,LTE
2019-07-15,136.0,LTE
2019-07-16,82.0,LTE
2019-07-17,93.0,LTE
2019-07-18,114.0,LTE
2019-07-19,126.0,LTE
2019-07-20,123.0,LTE
2019-07-21,363.0,LTE
2019-07-22,161.0,LTE
2019-07-23,86.0,LTE
2019-07-24,97.0,LTE
2019-07-25,117.0,LTE
2019-07-26,148.0,LTE
2019-07-27,103.0,LTE
2019-07-28,414.0,LTE
2019-07-29,150.0,LTE
2019-07-30,84.0,LTE
2019-07-31,117.0,LTE
2019-08-01,90.0,LTE
2019-08-02,122.0,LTE
2019-08-03,105.0,LTE
2019-08-04,349.0,LTE
2019-08-05,134.0,LTE
2019-08-06,80.0,LTE
2019-08-07,110.0,LTE
2019-08-08,102.0,LTE
2019-08-09,118.0,LTE
2019-08-10,99.0,LTE
2019-08-11,365.0,LTE
2019-08-12,154.0,LTE
2019-08-13,78.0,LTE
2019-08-14,84.0,LTE
2019-08-15,98.0,LTE
2019-08-16,89.0,LTE
2019-08-17,110.0,LTE
2019-08-18,364.0,LTE
2019-08-19,110.0,LTE
2019-08-20,104.0,LTE
2019-08-21,76.0,LTE
2019-08-22,80.0,LTE
2019-08-23,92.0,LTE
2019-08-24,101.0,LTE
2019-08-25,344.0,LTE
2019-08-26,139.0,LTE
2019-08-27,75.0,LTE
2019-08-28,56.0,LTE
2019-08-29,59.0,LTE
2019-08-30,98.0,LTE
2019-08-31,124.0,LTE
2019-09-01,168.0,LTE
2019-09-02,477.0,LTE
2019-09-03,109.0,LTE
2019-09-04,71.0,LTE
2019-09-05,116.0,LTE
2019-09-06,173.0,LTE
2019-09-07,112.0,LTE
2019-09-08,363.0,LTE
2019-09-09,111.0,LTE
2019-09-10,49.0,LTE
2019-09-11,67.0,LTE
2019-09-12,96.0,LTE
2019-09-13,97.0,LTE
2019-09-14,92.0,LTE
2019-09-15,378.0,LTE
2019-09-16,142.0,LTE
2019-09-17,90.0,LTE
2019-09-18,89.0,LTE
2019-09-19,69.0,LTE
2019-09-20,111.0,LTE
2019-09-21,87.0,LTE
2019-09-22,431.0,LTE
2019-09-23,136.0,LTE
2019-09-24,76.0,LTE
2019-09-25,66.0,LTE
2019-09-26,96.0,LTE
2019-09-27,93.0,LTE
2019-09-28,106.0,LTE
2019-09-29,457.0,LTE
2019-09-30,169.0,LTE
2019-10-01,76.0,LTE
2019-10-02,73.0,LTE
2019-10-03,66.0,LTE
2019-10-04,97.0,LTE
2019-10-05,105.0,LTE
2019-10-06,424.0,LTE
2019-10-07,171.0,LTE
2019-10-08,111.0,LTE
2019-10-09,85.0,LTE
2019-10-10,95.0,LTE
2019-10-11,167.0,LTE
2019-10-12,133.0,LTE
2019-10-13,418.0,LTE
2019-10-14,239.0,LTE
2019-10-15,164.0,LTE
2019-10-16,117.0,LTE
2019-10-17,110.0,LTE
2019-10-18,162.0,LTE
2019-10-19,120.0,LTE
2019-10-20,445.0,LTE
2019-10-21,204.0,LTE
2019-10-22,90.0,LTE
2019-10-23,114.0,LTE
2019-10-24,128.0,LTE
2019-10-25,173.0,LTE
2019-10-26,113.0,LTE
2019-10-27,478.0,LTE
2019-10-28,164.0,LTE
2019-10-29,97.0,LTE
2019-10-30,84.0,LTE
2019-10-31,96.0,LTE
2019-11-01,108.0,LTE
2019-11-02,92.0,LTE
2019-11-03,452.0,LTE
2019-11-04,189.0,LTE
2019-11-05,107.0,LTE
2019-11-06,88.0,LTE
2019-11-07,85.0,LTE
2019-11-08,137.0,LTE
2019-11-09,119.0,LTE
2019-11-10,445.0,LTE
2019-11-11,236.0,LTE
2019-11-12,112.0,LTE
2019-11-13,71.0,LTE
2019-11-14,68.0,LTE
2019-11-15,81.0,LTE
2019-11-16,82.0,LTE
2019-11-17,477.0,LTE
2019-11-18,118.0,LTE
2019-11-19,61.0,LTE
2019-11-20,59.0,LTE
2019-11-21,61.0,LTE
2019-11-22,73.0,LTE
2019-11-23,77.0,LTE
2019-11-24,359.0,LTE
2019-11-25,145.0,LTE
2019-11-26,120.0,LTE
2019-11-27,138.0,LTE
2019-11-28,36.0,LTE
2019-11-29,107.0,LTE
2019-11-30,218.0,LTE
2019-12-01,373.0,LTE
2019-12-02,93.0,LTE
2019-12-03,57.0,LTE
2019-12-04,37.0,LTE
2019-12-05,55.0,LTE
2019-12-06,75.0,LTE
2019-12-07,82.0,LTE
2019-12-08,414.0,LTE
2019-12-09,107.0,LTE
2019-12-10,51.0,LTE
2019-12-11,51.0,LTE
2019-12-12,56.0,LTE
2019-12-13,49.0,LTE
2019-12-14,64.0,LTE
2019-12-15,378.0,LTE
2019-12-16,118.0,LTE
2019-12-17,73.0,LTE
2019-12-18,73.0,LTE
2019-12-19,75.0,LTE
2019-12-20,105.0,LTE
2019-12-21,95.0,LTE
2019-12-22,259.0,LTE
2019-12-23,176.0,LTE
2019-12-24,101.0,LTE
2019-12-25,57.0,LTE
2019-12-26,116.0,LTE
2019-12-27,143.0,LTE
2019-12-28,149.0,LTE
2019-12-29,265.0,LTE
2019-12-30,241.0,LTE
2019-12-31,130.0,LTE
2020-01-01,369.0,LTE
2020-01-02,189.0,LTE
2020-01-03,155.0,LTE
2020-01-04,139.0,LTE
2020-01-05,278.0,LTE
2020-01-06,64.0,LTE
2020-01-07,49.0,LTE
2020-01-08,47.0,LTE
2020-01-09,44.0,LTE
2020-01-10,52.0,LTE
2020-01-11,41.0,LTE
2020-01-12,241.0,LTE
2020-01-13,63.0,LTE
2020-01-14,25.0,LTE
2020-01-15,31.0,LTE
2020-01-16,37.0,LTE
2020-01-17,60.0,LTE
2020-01-18,70.0,LTE
2020-01-19,223.0,LTE
2020-01-20,373.0,LTE
2020-01-21,48.0,LTE
2020-01-22,33.0,LTE
2020-01-23,34.0,LTE
2020-01-24,43.0,LTE
2020-01-25,48.0,LTE
2020-01-26,268.0,LTE
2020-01-27,67.0,LTE
2020-01-28,39.0,LTE
2020-01-29,38.0,LTE
2020-01-30,38.0,LTE
2020-01-31,59.0,LTE
2020-02-01,80.0,LTE
2020-02-02,381.0,LTE
2020-02-03,83.0,LTE
2020-02-04,40.0,LTE
2020-02-05,27.0,LTE
2020-02-06,27.0,LTE
2020-02-07,37.0,LTE
2020-02-08,58.0,LTE
2020-02-09,325.0,LTE
2020-02-10,89.0,LTE
2020-02-11,29.0,LTE
2020-02-12,45.0,LTE
2020-02-13,52.0,LTE
2020-02-14,51.0,LTE
2020-02-15,99.0,LTE
2020-02-16,468.0,LTE
2020-02-17,283.0,LTE
2020-02-18,58.0,LTE
2020-02-19,39.0,LTE
2020-02-20,52.0,LTE
2020-02-21,65.0,LTE
2020-02-22,73.0,LTE
2020-02-23,444.0,LTE
2020-02-24,167.0,LTE
2020-02-25,45.0,LTE
2020-02-26,43.0,LTE
2020-02-27,38.0,LTE
2020-02-28,62.0,LTE
2020-02-29,89.0,LTE
2020-03-01,404.0,LTE
2020-03-02,92.0,LTE
2020-03-03,52.0,LTE
2020-03-04,47.0,LTE
2020-03-05,66.0,LTE
2020-03-06,77.0,LTE
2020-03-07,96.0,LTE
2020-03-08,396.0,LTE
2020-03-09,143.0,LTE
2020-03-10,105.0,LTE
2020-03-11,118.0,LTE
2020-03-12,121.0,LTE
2020-03-13,143.0,LTE
2020-03-14,109.0,LTE
2020-03-15,362.0,LTE
2020-03-16,135.0,LTE
2020-03-17,94.0,LTE
2020-03-18,90.0,LTE
2020-03-19,69.0,LTE
2020-03-20,69.0,LTE
2020-03-21,41.0,LTE
2020-03-22,76.0,LTE
2020-03-23,29.0,LTE
2020-03-24,20.0,LTE
2020-03-25,13.0,LTE
2020-03-26,20.0,LTE
2020-03-27,21.0,LTE
2020-03-28,25.0,LTE
2020-03-29,30.0,LTE
2020-03-30,9.0,LTE
2020-03-31,13.0,LTE
2020-04-01,11.0,LTE
2020-04-02,12.0,LTE
2020-04-03,15.0,LTE
2020-04-04,13.0,LTE
2020-04-05,20.0,LTE
2020-04-06,7.0,LTE
2020-04-07,2.0,LTE
2020-04-08,8.0,LTE
2020-04-09,4.0,LTE
2020-04-10,11.0,LTE
2020-04-11,10.0,LTE
2020-04-12,17.0,LTE
2020-04-13,7.0,LTE
2020-04-14,4.0,LTE
2020-04-15,11.0,LTE
2020-04-16,8.0,LTE
2020-04-17,7.0,LTE
2020-04-18,9.0,LTE
2020-04-19,12.0,LTE
2020-04-20,7.0,LTE
2020-04-21,6.0,LTE
2020-04-22,3.0,LTE
2020-04-23,8.0,LTE
2020-04-24,8.0,LTE
2020-04-25,14.0,LTE
2020-04-26,17.0,LTE
2020-04-27,12.0,LTE
2020-04-28,7.0,LTE
2020-04-29,5.0,LTE
2020-04-30,13.0,LTE
2020-05-01,10.0,LTE
2020-05-02,20.0,LTE
2020-05-03,24.0,LTE
2020-05-04,12.0,LTE
2020-05-05,8.0,LTE
2020-05-06,11.0,LTE
2020-05-07,11.0,LTE
2020-05-08,21.0,LTE
2020-05-09,21.0,LTE
2020-05-10,43.0,LTE
2020-05-11,20.0,LTE
2020-05-12,18.0,LTE
2020-05-13,13.0,LTE
2020-05-14,19.0,LTE
2020-05-15,23.0,LTE
2020-05-16,26.0,LTE
2020-05-17,65.0,LTE
2020-05-18,31.0,LTE
2020-05-19,19.0,LTE
2020-05-20,22.0,LTE
2020-05-21,16.0,LTE
2020-05-22,33.0,LTE
2020-05-23,34.0,LTE
2020-05-24,74.0,LTE
2020-05-25,182.0,LTE
2020-05-26,49.0,LTE
2020-05-27,29.0,LTE
2020-05-28,26.0,LTE
2020-05-29,44.0,LTE
2020-05-30,43.0,LTE
2020-05-31,144.0,LTE
2020-06-01,64.0,LTE
2020-06-02,42.0,LTE
2020-06-03,36.0,LTE
2020-06-04,58.0,LTE
2020-06-05,51.0,LTE
2020-06-06,58.0,LTE
2020-06-07,178.0,LTE
2020-06-08,86.0,LTE
2020-06-09,58.0,LTE
2020-06-10,48.0,LTE
2020-06-11,46.0,LTE
2020-06-12,79.0,LTE
2020-06-13,83.0,LTE
2020-06-14,266.0,LTE
2020-06-15,121.0,LTE
2020-06-16,59.0,LTE
2020-06-17,66.0,LTE
2020-06-18,82.0,LTE
2020-06-19,101.0,LTE
2020-06-20,90.0,LTE
2020-06-21,260.0,LTE
2020-06-22,123.0,LTE
2020-06-23,69.0,LTE
2020-06-24,85.0,LTE
2020-06-25,107.0,LTE
2020-06-26,108.0,LTE
2020-06-27,114.0,LTE
2020-06-28,307.0,LTE
2020-06-29,123.0,LTE
2020-06-30,110.0,LTE
2020-07-01,107.0,LTE
2020-07-02,129.0,LTE
2020-07-03,122.0,LTE
2020-07-04,80.0,LTE
2020-07-05,327.0,LTE
2020-07-06,183.0,LTE
2020-07-07,96.0,LTE
2020-07-08,100.0,LTE
2020-07-09,120.0,LTE
2020-07-10,131.0,LTE
2020-07-11,115.0,LTE
2020-07-12,308.0,LTE
2020-07-13,143.0,LTE
2020-07-14,99.0,LTE
2020-07-15,119.0,LTE
2020-07-16,110.0,LTE
2020-07-17,128.0,LTE
2020-07-18,119.0,LTE
2020-07-19,330.0,LTE
2020-07-20,123.0,LTE
2020-07-21,98.0,LTE
2020-07-22,96.0,LTE
2020-07-23,118.0,LTE
2020-07-24,133.0,LTE
2020-07-25,96.0,LTE
2020-07-26,321.0,LTE
2020-07-27,160.0,LTE
2020-07-28,121.0,LTE
2020-07-29,99.0,LTE
2020-07-30,136.0,LTE
2020-07-31,145.0,LTE
2020-08-01,121.0,LTE
2020-08-02,319.0,LTE
2020-08-03,145.0,LTE
2020-08-04,107.0,LTE
2020-08-05,130.0,LTE
2020-08-06,139.0,LTE
2020-08-07,141.0,LTE
2020-08-08,118.0,LTE
2020-08-09,329.0,LTE
2020-08-10,162.0,LTE
2020-08-11,75.0,LTE
2020-08-12,116.0,LTE
2020-08-13,111.0,LTE
2020-08-14,137.0,LTE
2020-08-15,130.0,LTE
2020-08-16,343.0,LTE
2020-08-17,128.0,LTE
2020-08-18,90.0,LTE
2020-08-19,104.0,LTE
2020-08-20,112.0,LTE
2020-08-21,118.0,LTE
2020-08-22,113.0,LTE
2020-08-23,335.0,LTE
2020-08-24,109.0,LTE
2020-08-25,92.0,LTE
2020-08-26,75.0,LTE
2020-08-27,88.0,LTE
2020-08-28,124.0,LTE
2020-08-29,112.0,LTE
2020-08-30,350.0,LTE
2020-08-31,158.0,LTE
2020-09-01,72.0,LTE
2020-09-02,72.0,LTE
2020-09-03,91.0,LTE
2020-09-04,135.0,LTE
2020-09-05,104.0,LTE
2020-09-06,169.0,LTE
2020-09-07,435.0,LTE
2020-09-08,121.0,LTE
2020-09-09,78.0,LTE
2020-09-10,123.0,LTE
2020-09-11,116.0,LTE
2020-09-12,113.0,LTE
2020-09-13,325.0,LTE
2020-09-14,110.0,LTE
2020-09-15,84.0,LTE
2020-09-16,83.0,LTE
2020-09-17,86.0,LTE
2020-09-18,118.0,LTE
2020-09-19,118.0,LTE
2020-09-20,365.0,LTE
2020-09-21,149.0,LTE
2020-09-22,96.0,LTE
2020-09-23,101.0,LTE
2020-09-24,127.0,LTE
2020-09-25,114.0,LTE
2020-09-26,113.0,LTE
2020-09-27,411.0,LTE
2020-09-28,142.0,LTE
2020-09-29,87.0,LTE
2020-09-30,108.0,LTE
2020-10-01,106.0,LTE
2020-10-02,120.0,LTE
2020-10-03,114.0,LTE
2020-10-04,425.0,LTE
2020-10-05,165.0,LTE
2020-10-06,122.0,LTE
2020-10-07,130.0,LTE
2020-10-08,151.0,LTE
2020-10-09,179.0,LTE
2020-10-10,126.0,LTE
2020-10-11,356.0,LTE
2020-10-12,270.0,LTE
2020-10-13,111.0,LTE
2020-10-14,154.0,LTE
2020-10-15,171.0,LTE
2020-10-16,207.0,LTE
2020-10-17,123.0,LTE
2020-10-18,455.0,LTE
2020-10-19,183.0,LTE
2020-10-20,126.0,LTE
2020-10-21,147.0,LTE
2020-10-22,157.0,LTE
2020-10-23,193.0,LTE
2020-10-24,140.0,LTE
2020-10-25,454.0,LTE
2020-10-26,186.0,LTE
2020-10-27,117.0,LTE
2020-10-28,145.0,LTE
2020-10-29,132.0,LTE
2020-10-30,167.0,LTE
2020-10-31,126.0,LTE
2020-11-01,395.0,LTE
2020-11-02,186.0,LTE
2020-11-03,146.0,LTE
2020-11-04,100.0,LTE
2020-11-05,107.0,LTE
2020-11-06,137.0,LTE
2020-11-07,93.0,LTE
2020-11-08,487.0,LTE
2020-11-09,157.0,LTE
2020-11-10,104.0,LTE
2020-11-11,134.0,LTE
2020-11-12,98.0,LTE
2020-11-13,111.0,LTE
2020-11-14,120.0,LTE
2020-11-15,499.0,LTE
2020-11-16,145.0,LTE
2020-11-17,75.0,LTE
2020-11-18,83.0,LTE
2020-11-19,88.0,LTE
2020-11-20,111.0,LTE
2020-11-21,101.0,LTE
2020-11-22,359.0,LTE
2020-11-23,139.0,LTE
2020-11-24,152.0,LTE
2020-11-25,169.0,LTE
2020-11-26,77.0,LTE
2020-11-27,141.0,LTE
2020-11-28,218.0,LTE
2020-11-29,381.0,LTE
2020-11-30,134.0,LTE
2020-12-01,77.0,LTE
2020-12-02,61.0,LTE
2020-12-03,69.0,LTE
2020-12-04,75.0,LTE
2020-12-05,73.0,LTE
2020-12-06,386.0,LTE
2020-12-07,120.0,LTE
2020-12-08,73.0,LTE
2020-12-09,56.0,LTE
2020-12-10,64.0,LTE
2020-12-11,92.0,LTE
2020-12-12,77.0,LTE
2020-12-13,380.0,LTE
2020-12-14,117.0,LTE
2020-12-15,71.0,LTE
2020-12-16,75.0,LTE
2020-12-17,97.0,LTE
2020-12-18,99.0,LTE
2020-12-19,116.0,LTE
2020-12-20,300.0,LTE
2020-12-21,153.0,LTE
2020-12-22,142.0,LTE
2020-12-23,170.0,LTE
2020-12-24,98.0,LTE
2020-12-25,55.0,LTE
2020-12-26,177.0,LTE
2020-12-27,204.0,LTE
2020-12-28,180.0,LTE
2020-12-29,170.0,LTE
2020-12-30,265.0,LTE
2020-12-31,143.0,LTE
2021-01-01,178.0,LTE
2021-01-02,313.0,LTE
2021-01-03,341.0,LTE
2021-01-04,105.0,LTE
2021-01-05,73.0,LTE
2021-01-06,59.0,LTE
2021-01-07,78.0,LTE
2021-01-08,82.0,LTE
2021-01-09,89.0,LTE
2021-01-10,239.0,LTE
2021-01-11,81.0,LTE
2021-01-12,49.0,LTE
2021-01-13,54.0,LTE
2021-01-14,55.0,LTE
2021-01-15,75.0,LTE
2021-01-16,73.0,LTE
2021-01-17,243.0,LTE
2021-01-18,349.0,LTE
2021-01-19,60.0,LTE
2021-01-20,45.0,LTE
2021-01-21,59.0,LTE
2021-01-22,56.0,LTE
2021-01-23,55.0,LTE
2021-01-24,285.0,LTE
2021-01-25,87.0,LTE
2021-01-26,38.0,LTE
2021-01-27,48.0,LTE
2021-01-28,37.0,LTE
2021-01-29,56.0,LTE
2021-01-30,70.0,LTE
2021-01-31,325.0,LTE
2021-02-01,70.0,LTE
2021-02-02,44.0,LTE
2021-02-03,45.0,LTE
2021-02-04,51.0,LTE
2021-02-05,51.0,LTE
2021-02-06,54.0,LTE
2021-02-07,297.0,LTE
2021-02-08,91.0,LTE
2021-02-09,38.0,LTE
2021-02-10,49.0,LTE
2021-02-11,54.0,LTE
2021-02-12,75.0,LTE
2021-02-13,94.0,LTE
2021-02-14,359.0,LTE
2021-02-15,328.0,LTE
2021-02-16,96.0,LTE
2021-02-17,68.0,LTE
2021-02-18,53.0,LTE
2021-02-19,74.0,LTE
2021-02-20,84.0,LTE
2021-02-21,395.0,LTE
2021-02-22,111.0,LTE
2021-02-23,60.0,LTE
2021-02-24,59.0,LTE
2021-02-25,55.0,LTE
2021-02-26,89.0,LTE
2021-02-27,81.0,LTE
2021-02-28,366.0,LTE
2021-03-01,130.0,LTE
2021-03-02,52.0,LTE
2021-03-03,51.0,LTE
2021-03-04,65.0,LTE
2021-03-05,79.0,LTE
2021-03-06,83.0,LTE
2021-03-07,369.0,LTE
2021-03-08,117.0,LTE
2021-03-09,83.0,LTE
2021-03-10,71.0,LTE
2021-03-11,83.0,LTE
2021-03-12,111.0,LTE
2021-03-13,114.0,LTE
2021-03-14,398.0,LTE
2021-03-15,142.0,LTE
2021-03-16,99.0,LTE
2021-03-17,100.0,LTE
2021-03-18,124.0,LTE
2021-03-19,154.0,LTE
2021-03-20,133.0,LTE
2021-03-21,442.0,LTE
2021-03-22,162.0,LTE
2021-03-23,78.0,LTE
2021-03-24,94.0,LTE
2021-03-25,101.0,LTE
2021-03-26,129.0,LTE
2021-03-27,145.0,LTE
2021-03-28,400.0,LTE
2021-03-29,164.0,LTE
2021-03-30,124.0,LTE
2021-03-31,177.0,LTE
2021-04-01,176.0,LTE
2021-04-02,205.0,LTE
2021-04-03,218.0,LTE
2021-04-04,401.0,LTE
2021-04-05,195.0,LTE
2021-04-06,131.0,LTE
2021-04-07,132.0,LTE
2021-04-08,176.0,LTE
2021-04-09,229.0,LTE
2021-04-10,195.0,LTE
2021-04-11,455.0,LTE
2021-04-12,158.0,LTE
2021-04-13,92.0,LTE
2021-04-14,99.0,LTE
2021-04-15,106.0,LTE
2021-04-16,123.0,LTE
2021-04-17,155.0,LTE
2021-04-18,499.0,LTE
2021-04-19,180.0,LTE
2021-04-20,87.0,LTE
2021-04-21,99.0,LTE
2021-04-22,120.0,LTE
2021-04-23,139.0,LTE
2021-04-24,150.0,LTE
2021-04-25,485.0,LTE
2021-04-26,180.0,LTE
2021-04-27,95.0,LTE
2021-04-28,120.0,LTE
2021-04-29,104.0,LTE
2021-04-30,154.0,LTE
2021-05-01,148.0,LTE
2021-05-02,492.0,LTE
2021-05-03,203.0,LTE
2021-05-04,111.0,LTE
2021-05-05,130.0,LTE
2021-05-06,119.0,LTE
2021-05-07,147.0,LTE
2021-05-08,157.0,LTE
2021-05-09,445.0,LTE
2021-05-10,180.0,LTE
2021-05-11,111.0,LTE
2021-05-12,119.0,LTE
2021-05-13,140.0,LTE
2021-05-14,149.0,LTE
2021-05-15,155.0,LTE
2021-05-16,478.0,LTE
2021-05-17,185.0,LTE
2021-05-18,122.0,LTE
2021-05-19,130.0,LTE
2021-05-20,142.0,LTE
2021-05-21,181.0,LTE
2021-05-22,183.0,LTE
2021-05-23,483.0,LTE
2021-05-24,206.0,LTE
2021-05-25,124.0,LTE
2021-05-26,131.0,LTE
2021-05-27,168.0,LTE
2021-05-28,204.0,LTE
2021-05-29,152.0,LTE
2021-05-30,259.0,LTE
2021-05-31,599.0,LTE
2021-06-01,156.0,LTE
2021-06-02,118.0,LTE
2021-06-03,135.0,LTE
2021-06-04,171.0,LTE
2021-06-05,195.0,LTE
2021-06-06,497.0,LTE
2021-06-07,251.0,LTE
2021-06-08,117.0,LTE
2021-06-09,150.0,LTE
2021-06-10,163.0,LTE
2021-06-11,204.0,LTE
2021-06-12,168.0,LTE
2021-06-13,483.0,LTE
2021-06-14,207.0,LTE
2021-06-15,139.0,LTE
2021-06-16,149.0,LTE
2021-06-17,161.0,LTE
2021-06-18,206.0,LTE
2021-06-19,196.0,LTE
2021-06-20,485.0,LTE
2021-06-21,213.0,LTE
2021-06-22,132.0,LTE
2021-06-23,171.0,LTE
2021-06-24,205.0,LTE
2021-06-25,245.0,LTE
2021-06-26,191.0,LTE
2021-06-27,526.0,LTE
2021-06-28,260.0,LTE
2021-06-29,148.0,LTE
2021-06-30,177.0,LTE
2021-07-01,193.0,LTE
2021-07-02,198.0,LTE
2021-07-03,178.0,LTE
2021-07-04,222.0,LTE
2021-07-05,479.0,LTE
2021-07-06,166.0,LTE
2021-07-07,166.0,LTE
2021-07-08,220.0,LTE
2021-07-09,217.0,LTE
2021-07-10,223.0,LTE
2021-07-11,476.0,LTE
2021-07-12,216.0,LTE
2021-07-13,141.0,LTE
2021-07-14,169.0,LTE
2021-07-15,211.0,LTE
2021-07-16,233.0,LTE
2021-07-17,186.0,LTE
2021-07-18,501.0,LTE
2021-07-19,243.0,LTE
2021-07-20,135.0,LTE
2021-07-21,148.0,LTE
2021-07-22,205.0,LTE
2021-07-23,223.0,LTE
2021-07-24,183.0,LTE
2021-07-25,516.0,LTE
2021-07-26,229.0,LTE
2021-07-27,145.0,LTE
2021-07-28,143.0,LTE
2021-07-29,198.0,LTE
2021-07-30,236.0,LTE
2021-07-31,213.0,LTE
2021-08-01,535.0,LTE
2021-08-02,254.0,LTE
2021-08-03,153.0,LTE
2021-08-04,174.0,LTE
2021-08-05,194.0,LTE
2021-08-06,252.0,LTE
2021-08-07,197.0,LTE
2021-08-08,494.0,LTE
2021-08-09,296.0,LTE
2021-08-10,133.0,LTE
2021-08-11,156.0,LTE
2021-08-12,190.0,LTE
2021-08-13,231.0,LTE
2021-08-14,183.0,LTE
2021-08-15,486.0,LTE
2021-08-16,217.0,LTE
2021-08-17,156.0,LTE
2021-08-18,144.0,LTE
2021-08-19,158.0,LTE
2021-08-20,186.0,LTE
2021-08-21,157.0,LTE
2021-08-22,541.0,LTE
2021-08-23,214.0,LTE
2021-08-24,117.0,LTE
2021-08-25,110.0,LTE
2021-08-26,129.0,LTE
2021-08-27,150.0,LTE
2021-08-28,141.0,LTE
2021-08-29,547.0,LTE
2021-08-30,208.0,LTE
2021-08-31,133.0,LTE
2021-09-01,108.0,LTE
2021-09-02,109.0,LTE
2021-09-03,183.0,LTE
2021-09-04,127.0,LTE
2021-09-05,282.0,LTE
2021-09-06,638.0,LTE
2021-09-07,191.0,LTE
2021-09-08,117.0,LTE
2021-09-09,119.0,LTE
2021-09-10,166.0,LTE
2021-09-11,177.0,LTE
2021-09-12,522.0,LTE
2021-09-13,206.0,LTE
2021-09-14,100.0,LTE
2021-09-15,87.0,LTE
2021-09-16,136.0,LTE
2021-09-17,164.0,LTE
2021-09-18,169.0,LTE
2021-09-19,576.0,LTE
2021-09-20,250.0,LTE
2021-09-21,118.0,LTE
2021-09-22,129.0,LTE
2021-09-23,188.0,LTE
2021-09-24,190.0,LTE
2021-09-25,172.0,LTE
2021-09-26,607.0,LTE
2021-09-27,238.0,LTE
2021-09-28,123.0,LTE
2021-09-29,132.0,LTE
2021-09-30,163.0,LTE
2021-10-01,190.0,LTE
2021-10-02,192.0,LTE
2021-10-03,538.0,LTE
2021-10-04,260.0,LTE
2021-10-05,158.0,LTE
2021-10-06,152.0,LTE
2021-10-07,184.0,LTE
2021-10-08,239.0,LTE
2021-10-09,186.0,LTE
2021-10-10,555.0,LTE
2021-10-11,359.0,LTE
2021-10-12,211.0,LTE
2021-10-13,180.0,LTE
2021-10-14,245.0,LTE
2021-10-15,299.0,LTE
2021-10-16,204.0,LTE
2021-10-17,636.0,LTE
2021-10-18,302.0,LTE
2021-10-19,216.0,LTE
2021-10-20,217.0,LTE
2021-10-21,287.0,LTE
2021-10-22,288.0,LTE
2021-10-23,181.0,LTE
2021-10-24,680.0,LTE
2021-10-25,287.0,LTE
2021-10-26,181.0,LTE
2021-10-27,230.0,LTE
2021-10-28,229.0,LTE
2021-10-29,242.0,LTE
2021-10-30,201.0,LTE
2021-10-31,561.0,LTE
2021-11-01,400.0,LTE
2021-11-02,120.0,LTE
2021-11-03,143.0,LTE
2021-11-04,161.0,LTE
2021-11-05,171.0,LTE
2021-11-06,166.0,LTE
2021-11-07,735.0,LTE
2021-11-08,225.0,LTE
2021-11-09,127.0,LTE
2021-11-10,123.0,LTE
2021-11-11,188.0,LTE
2021-11-12,198.0,LTE
2021-11-13,173.0,LTE
2021-11-14,750.0,LTE
2021-11-15,241.0,LTE
2021-11-16,121.0,LTE
2021-11-17,127.0,LTE
2021-11-18,122.0,LTE
2021-11-19,148.0,LTE
2021-11-20,141.0,LTE
2021-11-21,602.0,LTE
2021-11-22,219.0,LTE
2021-11-23,184.0,LTE
2021-11-24,245.0,LTE
2021-11-25,80.0,LTE
2021-11-26,175.0,LTE
2021-11-27,305.0,LTE
2021-11-28,559.0,LTE
2021-11-29,168.0,LTE
2021-11-30,99.0,LTE
2021-12-01,77.0,LTE
2021-12-02,88.0,LTE
2021-12-03,106.0,LTE
2021-12-04,124.0,LTE
2021-12-05,555.0,LTE
2021-12-06,157.0,LTE
2021-12-07,88.0,LTE
2021-12-08,88.0,LTE
2021-12-09,91.0,LTE
2021-12-10,120.0,LTE
2021-12-11,131.0,LTE
2021-12-12,527.0,LTE
2021-12-13,204.0,LTE
2021-12-14,85.0,LTE
2021-12-15,124.0,LTE
2021-12-16,103.0,LTE
2021-12-17,131.0,LTE
2021-12-18,162.0,LTE
2021-12-19,471.0,LTE
2021-12-20,254.0,LTE
2021-12-21,153.0,LTE
2021-12-22,224.0,LTE
2021-12-23,212.0,LTE
2021-12-24,134.0,LTE
2021-12-25,68.0,LTE
2021-12-26,282.0,LTE
2021-12-27,232.0,LTE
2021-12-28,221.0,LTE
2021-12-29,290.0,LTE
2021-12-30,357.0,LTE
2021-12-31,235.0,LTE
2022-01-01,314.0,LTE
2022-01-02,552.0,LTE
2022-01-03,199.0,LTE
2022-01-04,119.0,LTE
2022-01-05,101.0,LTE
2022-01-06,115.0,LTE
2022-01-07,121.0,LTE
2022-01-08,110.0,LTE
2022-01-09,319.0,LTE
2022-01-10,92.0,LTE
2022-01-11,52.0,LTE
2022-01-12,51.0,LTE
2022-01-13,54.0,LTE
2022-01-14,78.0,LTE
2022-01-15,109.0,LTE
2022-01-16,190.0,LTE
2022-01-17,352.0,LTE
2022-01-18,97.0,LTE
2022-01-19,33.0,LTE
2022-01-20,35.0,LTE
2022-01-21,59.0,LTE
2022-01-22,65.0,LTE
2022-01-23,301.0,LTE
2022-01-24,117.0,LTE
2022-01-25,45.0,LTE
2022-01-26,46.0,LTE
2022-01-27,52.0,LTE
2022-01-28,77.0,LTE
2022-01-29,71.0,LTE
2022-01-30,356.0,LTE
2022-01-31,106.0,LTE
2022-02-01,63.0,LTE
2022-02-02,38.0,LTE
2022-02-03,53.0,LTE
2022-02-04,59.0,LTE
2022-02-05,74.0,LTE
2022-02-06,391.0,LTE
2022-02-07,126.0,LTE
2022-02-08,56.0,LTE
2022-02-09,40.0,LTE
2022-02-10,51.0,LTE
2022-02-11,93.0,LTE
2022-02-12,98.0,LTE
2022-02-13,483.0,LTE
2022-02-14,161.0,LTE
2022-02-15,120.0,LTE
2022-02-16,69.0,LTE
2022-02-17,63.0,LTE
2022-02-18,98.0,LTE
2022-02-19,114.0,LTE
2022-02-20,461.0,LTE
2022-02-21,423.0,LTE
2022-02-22,84.0,LTE
2022-02-23,82.0,LTE
2022-02-24,77.0,LTE
2022-02-25,109.0,LTE
2022-02-26,111.0,LTE
2022-02-27,501.0,LTE
2022-02-28,185.0,LTE
2022-03-01,80.0,LTE
2022-03-02,102.0,LTE
2022-03-03,91.0,LTE
2022-03-04,111.0,LTE
2022-03-05,118.0,LTE
2022-03-06,431.0,LTE
2022-03-07,156.0,LTE
2022-03-08,99.0,LTE
2022-03-09,80.0,LTE
2022-03-10,93.0,LTE
2022-03-11,101.0,LTE
2022-03-12,127.0,LTE
2022-03-13,385.0,LTE
2022-03-14,154.0,LTE
2022-03-15,100.0,LTE
2022-03-16,121.0,LTE
2022-03-17,100.0,LTE
2022-03-18,104.0,LTE
2022-03-19,48.0,LTE
2022-03-20,16.0,LTE
